hour,failed_logins,success_logins,privileged_cmds,data_mb,unique_ips,user_id,label
6,1,5,0,16,3,7,0
19,1,4,2,3,2,38,0
14,2,3,0,4,4,48,0
10,1,2,0,4,1,85,0
7,1,4,0,2,4,86,0
20,2,4,0,20,4,99,0
6,0,1,2,1,2,82,0
18,2,3,0,8,1,73,0
22,2,1,0,16,1,2,0
10,4,3,0,8,2,42,0
10,0,1,0,3,2,42,0
23,1,2,6,15,1,81,0
20,2,2,0,6,2,20,0
3,3,1,0,1,3,6,0
7,0,2,0,3,1,11,0
23,2,3,0,8,4,69,0
2,1,1,1,10,3,74,0
21,4,5,0,7,4,87,0
20,4,0,0,3,2,97,0
1,1,1,0,9,4,40,0
23,0,1,0,4,3,36,0
11,0,3,0,2,2,51,0
5,3,1,0,29,3,47,0
1,0,0,0,3,2,98,0
20,0,2,0,4,1,17,0
0,0,1,0,22,4,26,0
11,0,0,1,1,4,53,0
21,0,2,0,8,1,48,0
11,2,3,1,15,1,27,0
16,0,2,0,3,4,46,0
9,1,2,1,18,1,67,0
15,2,3,0,14,2,19,0
14,1,1,2,6,4,72,0
14,2,1,2,1,3,81,0
18,0,5,1,35,1,65,0
11,1,5,0,9,2,71,0
22,1,1,1,7,4,36,0
19,1,5,3,21,4,67,0
2,1,2,0,5,2,83,0
4,1,1,1,8,1,42,0
18,3,1,0,19,4,91,0
6,2,3,1,4,1,67,0
20,1,5,0,14,2,98,0
8,2,1,0,2,3,69,0
6,2,2,0,12,2,49,0
17,2,0,0,7,1,37,0
3,1,4,0,1,4,46,0
13,0,1,0,1,1,80,0
17,1,0,1,6,1,56,0
8,1,1,1,12,3,63,0
20,1,4,2,9,4,78,0
1,0,3,1,19,3,30,0
19,1,3,0,4,3,96,0
14,4,1,2,18,2,63,0
6,2,1,1,0,2,76,0
11,0,3,1,4,4,91,0
7,1,3,1,0,3,26,0
14,2,2,2,25,3,93,0
2,0,2,1,6,1,23,0
13,2,3,0,3,1,86,0
16,2,4,0,6,2,20,0
3,2,3,0,7,3,46,0
17,2,2,0,18,4,80,0
7,0,3,0,7,3,31,0
3,0,1,0,5,2,67,0
1,2,3,0,32,4,21,0
5,2,2,0,34,3,51,0
21,0,2,2,0,1,39,0
9,1,2,0,12,3,63,0
3,2,2,0,4,2,69,0
21,2,6,0,11,2,20,0
17,0,1,1,10,3,23,0
11,1,1,0,4,2,96,0
1,1,5,1,43,1,42,0
9,1,3,2,4,1,73,0
3,1,5,1,9,1,3,0
13,0,2,1,16,3,27,0
15,0,2,1,1,2,91,1
14,0,1,0,3,1,74,0
7,0,2,1,2,4,80,0
13,1,2,2,15,2,24,0
22,0,2,0,16,2,87,0
7,1,3,1,2,4,9,0
20,0,2,1,0,2,2,0
15,0,0,0,5,1,6,0
12,1,1,0,11,2,99,1
17,2,2,0,9,1,71,0
14,1,7,0,5,1,79,0
20,0,1,0,3,1,21,0
23,2,3,1,6,3,87,0
12,0,2,0,0,2,29,0
8,2,1,0,0,4,13,0
14,0,3,0,1,3,69,0
12,0,3,0,9,3,42,0
0,0,3,1,2,3,1,0
6,3,1,0,5,3,20,0
8,1,4,1,9,1,43,0
23,0,4,2,17,1,1,0
0,0,2,0,7,4,99,0
11,0,1,0,1,2,40,0
7,2,3,0,30,4,7,0
23,0,1,0,0,2,35,0
10,0,1,0,4,1,52,0
18,0,2,0,25,2,34,0
16,3,2,1,9,2,50,0
7,1,2,1,10,3,69,0
2,1,1,0,3,4,29,0
2,2,1,0,0,3,91,0
0,1,1,0,4,3,71,0
4,1,5,1,5,3,1,0
9,3,3,1,3,3,73,0
6,2,2,1,2,1,58,0
8,1,2,0,4,4,65,0
6,3,1,0,10,3,91,0
8,0,0,0,29,4,17,0
7,1,4,0,12,3,62,0
11,2,1,2,15,1,96,0
1,2,2,0,3,3,94,0
0,1,3,0,1,2,79,0
15,1,1,1,3,1,42,0
22,2,1,0,5,4,28,0
22,2,0,0,11,2,3,0
23,1,2,1,28,2,92,0
4,0,1,0,16,1,5,0
2,1,2,0,3,4,66,0
11,2,4,0,17,1,54,0
7,1,3,0,5,3,38,0
21,1,1,2,1,1,80,0
2,0,3,1,6,1,44,0
0,1,1,2,8,3,81,0
2,0,0,0,14,3,76,0
4,0,3,0,4,4,90,0
14,5,2,2,1,1,57,0
13,0,4,1,0,3,71,0
2,2,1,0,1,4,24,0
0,2,3,0,29,4,80,0
4,1,2,0,30,3,82,0
22,1,0,1,34,3,59,0
13,2,1,2,3,4,8,0
6,1,2,0,2,2,91,0
8,1,4,1,39,3,90,0
14,1,0,1,44,2,95,0
14,1,0,1,0,4,82,0
9,5,2,0,13,1,2,0
12,0,3,0,3,2,41,0
18,1,2,1,24,2,87,0
6,1,1,2,0,2,56,0
16,3,3,0,21,2,48,0
19,0,1,0,0,2,22,0
3,2,1,0,7,2,97,0
4,4,5,0,4,1,18,0
22,0,1,1,5,1,79,0
6,1,1,0,5,1,41,0
12,0,1,0,10,2,67,0
14,0,2,0,0,4,48,0
10,1,2,1,11,3,23,0
3,0,2,1,0,2,2,0
12,0,1,0,2,1,4,0
6,0,1,0,9,4,26,0
18,2,3,1,0,4,19,0
21,0,1,0,46,2,49,0
1,0,0,1,15,1,74,0
9,2,1,0,12,3,86,0
12,0,4,0,3,3,53,0
20,1,1,0,0,1,6,1
5,1,1,1,38,1,62,0
11,1,0,0,1,4,1,0
11,1,3,2,17,2,16,0
19,0,3,1,2,2,52,0
10,0,2,1,4,2,7,0
22,0,0,0,11,3,88,0
6,1,0,0,29,3,35,0
0,4,2,1,0,3,78,0
0,0,2,0,3,2,68,0
19,0,0,1,14,1,15,0
12,0,3,1,1,1,57,0
8,1,2,1,1,2,23,0
2,0,1,0,0,2,83,0
6,2,2,0,6,1,78,0
5,0,2,1,14,1,91,0
7,0,3,0,32,3,86,0
8,2,2,1,3,4,11,0
4,0,2,0,1,4,4,0
0,0,2,1,5,2,58,0
18,0,2,1,0,4,96,0
9,2,0,0,4,4,40,0
11,1,1,1,10,4,58,0
23,2,3,0,1,3,88,0
14,1,4,1,9,3,98,0
21,0,1,0,35,1,67,0
23,0,3,0,19,2,38,0
8,1,4,0,4,4,2,0
19,4,2,0,5,1,87,0
16,1,1,1,5,3,40,0
16,2,1,0,19,4,84,0
19,2,5,0,50,2,56,0
11,1,2,0,17,4,72,0
6,0,1,0,8,3,35,0
1,0,0,0,1,4,49,0
2,0,1,1,30,4,67,0
16,1,1,0,19,4,96,0
4,2,2,0,18,4,95,0
16,1,2,3,4,3,44,0
23,1,0,0,5,1,31,0
16,0,0,0,1,4,65,0
16,1,7,0,27,2,76,0
1,0,0,1,28,4,18,0
1,0,4,2,2,2,88,0
21,0,1,1,11,2,36,0
22,1,3,0,2,4,62,0
4,3,1,0,4,4,29,0
0,1,3,0,3,2,89,0
0,3,1,0,4,3,23,0
18,0,3,0,3,1,3,0
1,1,0,1,4,2,30,0
20,0,2,2,15,3,81,0
11,1,2,0,3,1,45,0
5,0,1,0,16,1,49,0
22,0,3,2,8,1,94,0
3,0,2,1,15,4,19,0
22,1,0,1,25,4,64,0
10,2,3,0,1,2,5,0
23,3,1,0,4,4,56,0
16,2,4,0,0,3,34,0
5,0,1,0,5,1,73,0
23,1,1,1,2,1,48,0
4,1,3,0,8,1,26,0
19,2,2,1,15,4,5,0
1,0,2,0,6,4,88,0
5,2,1,1,4,4,31,0
21,0,3,0,1,3,24,0
10,0,1,2,0,4,85,0
15,0,1,0,11,4,22,0
15,1,3,0,0,4,22,0
0,1,4,0,25,3,85,0
8,1,2,2,9,4,57,0
5,0,1,0,4,2,30,0
15,2,1,0,0,4,47,0
2,2,2,0,5,2,74,0
19,0,2,0,20,3,67,0
3,2,0,1,35,2,39,0
18,2,1,0,0,3,93,0
2,2,1,2,15,4,89,0
18,0,1,1,2,4,66,0
19,3,1,1,4,2,77,0
6,2,2,0,7,4,91,0
19,0,2,1,52,2,29,0
8,0,1,0,2,3,14,0
0,0,2,0,1,4,4,0
7,1,2,0,9,4,72,0
6,1,1,1,19,4,5,0
17,0,1,0,10,1,44,0
7,2,3,1,4,1,91,0
0,0,3,0,37,2,24,0
10,1,3,0,53,1,98,0
17,0,1,0,14,4,28,0
22,1,4,0,16,1,24,0
9,1,3,0,14,2,5,0
2,0,4,2,2,1,13,0
6,0,1,3,1,3,82,0
15,0,0,1,8,3,55,0
15,0,4,0,30,1,81,0
19,0,1,0,21,3,30,0
16,1,1,2,1,3,83,0
1,2,4,0,0,1,86,0
0,0,3,0,20,3,49,0
15,1,1,0,9,2,82,0
11,0,0,2,3,2,90,0
4,2,3,0,8,4,15,0
4,0,2,0,2,2,92,0
22,1,1,0,29,4,30,0
8,1,1,0,17,4,28,0
8,3,2,1,32,1,84,0
2,1,1,0,2,3,4,0
18,0,2,0,18,1,68,0
15,0,1,0,8,4,15,0
15,2,3,0,3,1,34,0
2,0,4,1,6,3,75,0
19,1,6,1,28,3,87,0
23,1,2,1,11,3,99,0
21,1,2,1,4,4,43,0
23,1,2,0,92,1,99,0
0,0,3,0,4,1,75,0
23,0,3,1,16,4,61,0
19,0,2,1,15,4,63,0
10,2,3,0,12,2,2,1
16,2,3,0,11,1,52,0
7,1,3,0,1,3,52,0
3,3,0,0,52,1,15,0
5,1,3,0,1,2,40,0
7,0,2,1,9,3,28,0
19,0,1,1,2,2,95,0
2,0,4,1,1,4,96,0
15,0,3,0,8,4,98,0
2,2,2,1,18,1,55,0
17,0,1,0,4,4,50,0
13,0,4,1,0,4,22,0
17,0,1,1,9,1,29,0
1,0,1,0,14,2,72,0
21,1,1,1,3,2,86,0
2,1,1,0,11,3,12,0
15,4,2,1,0,3,87,0
8,0,1,1,4,2,38,0
3,1,2,2,6,4,2,0
0,1,6,1,15,3,12,0
3,0,2,0,4,2,55,0
0,1,3,0,6,4,85,0
13,1,3,0,9,4,12,0
20,1,2,0,9,2,95,0
15,0,3,1,7,1,9,0
19,1,5,0,3,2,79,0
23,0,1,0,11,4,32,0
7,0,2,0,18,3,73,0
6,0,6,0,1,4,88,0
2,0,4,0,4,4,8,0
16,0,0,1,11,2,28,0
0,0,2,0,14,4,56,0
15,0,1,0,15,1,82,0
11,1,0,0,10,3,36,0
18,0,4,0,6,2,37,0
21,0,3,0,10,1,32,0
22,3,2,0,1,3,85,0
21,1,2,1,2,1,39,0
13,1,0,1,26,4,49,0
5,0,3,1,25,4,93,0
5,0,2,1,12,1,18,0
12,2,4,1,3,3,23,0
18,0,4,0,10,1,33,0
21,1,1,1,11,1,73,0
7,0,0,2,7,1,51,0
1,2,3,0,13,3,43,0
20,1,3,0,0,1,4,0
0,1,1,1,2,4,80,0
14,0,0,1,15,2,67,0
0,0,0,2,27,4,72,0
4,0,3,0,20,4,80,0
15,0,2,0,12,1,2,0
18,3,1,1,1,2,45,0
3,1,3,2,4,1,83,0
2,0,2,0,0,2,88,0
16,1,1,0,10,4,80,0
16,0,2,0,5,3,40,0
11,0,2,0,8,1,2,0
13,1,2,1,38,4,32,0
20,1,1,1,5,2,1,1
5,0,2,0,3,4,18,0
2,0,3,1,1,4,64,0
8,0,4,0,1,4,32,0
4,2,1,1,7,3,9,0
23,2,1,0,13,1,55,0
16,1,3,0,8,1,67,0
13,1,1,1,20,1,24,0
20,1,2,0,3,3,11,0
2,1,6,1,9,3,28,0
0,0,2,0,10,2,16,0
19,0,3,0,3,1,93,0
20,1,1,2,5,2,12,0
22,0,3,0,8,4,68,0
0,1,0,1,0,2,90,0
2,0,4,0,21,2,4,0
17,3,1,0,1,4,75,0
9,1,1,0,0,4,66,0
21,0,2,0,2,2,31,0
2,0,5,0,6,2,56,0
7,1,0,0,3,1,50,0
13,0,0,1,5,3,67,0
23,3,4,1,0,4,89,0
17,0,3,0,2,2,98,0
14,1,0,0,1,3,1,0
21,0,2,0,2,2,69,0
22,2,2,1,12,1,39,0
1,2,0,0,8,2,52,0
9,1,2,1,4,4,95,0
1,0,2,2,3,2,36,0
16,1,4,0,60,2,67,0
7,1,1,1,14,4,12,0
0,1,3,2,17,1,61,0
8,0,3,0,0,4,80,0
10,0,1,0,0,2,72,0
21,3,3,0,12,1,11,0
15,3,1,0,2,4,14,1
6,2,6,0,5,3,91,0
9,2,1,1,2,3,82,0
22,0,3,2,1,3,54,0
2,0,2,0,1,4,8,0
17,2,2,0,9,1,33,0
23,2,2,0,13,4,4,0
12,5,3,2,0,2,30,0
6,0,1,0,3,4,84,0
3,2,1,0,10,3,94,0
12,0,1,0,4,3,91,0
19,1,0,2,12,2,89,0
0,1,3,1,14,4,54,0
7,0,2,0,0,3,6,0
13,1,6,2,4,4,5,0
15,3,0,0,13,3,78,0
13,0,1,0,4,2,51,0
11,2,0,1,0,1,14,0
18,1,2,1,4,1,34,0
22,2,1,1,20,3,41,0
14,0,1,0,30,3,89,0
1,1,3,0,8,4,39,0
1,0,2,0,3,1,18,0
22,1,1,1,6,4,20,0
21,0,1,0,2,3,8,0
18,4,3,0,1,1,26,0
21,1,1,0,6,4,85,0
21,2,1,1,13,3,27,1
16,1,1,1,2,4,32,0
19,0,2,0,24,4,42,0
9,0,2,0,1,3,50,0
5,2,1,0,8,4,81,0
14,0,2,0,14,4,49,0
21,0,1,0,2,1,65,0
10,2,1,0,3,4,63,0
4,1,5,1,0,2,27,0
0,2,2,0,28,3,75,0
7,1,3,2,6,4,35,0
20,2,0,1,0,3,38,0
11,1,2,1,17,2,38,0
11,1,2,1,8,3,42,0
4,1,2,0,0,2,42,0
6,3,3,0,5,2,49,0
3,2,2,0,5,1,57,0
5,0,0,1,1,2,54,0
12,1,1,0,5,1,10,0
19,0,2,0,3,4,60,0
14,0,1,0,12,1,40,0
2,0,2,0,0,1,1,0
22,4,2,0,1,4,86,1
7,0,3,0,25,3,64,0
19,0,4,0,5,3,81,0
15,0,1,0,1,4,12,0
12,2,2,1,15,2,57,0
17,1,2,0,19,1,77,0
9,1,2,0,2,3,89,0
18,2,5,0,12,3,26,0
16,1,3,0,9,2,40,0
23,4,4,2,13,3,43,0
18,2,2,0,15,3,97,0
22,3,1,0,10,3,72,0
4,4,0,0,31,4,13,0
20,1,2,2,19,3,90,0
22,1,2,0,2,3,56,0
8,1,2,0,24,4,17,0
11,2,1,0,4,3,88,0
20,0,2,1,12,2,24,0
0,0,6,0,18,1,76,0
0,1,2,1,5,4,95,0
14,0,2,0,0,4,58,0
1,3,1,0,29,3,80,0
21,0,2,0,0,1,61,0
15,2,1,0,4,2,80,0
7,1,3,0,9,2,94,0
12,1,3,1,1,1,28,0
20,0,5,0,18,1,67,0
0,0,6,1,2,2,97,0
15,0,0,1,42,3,51,0
6,0,4,0,24,1,88,0
4,1,2,0,9,1,94,0
21,1,1,0,10,3,92,0
22,0,1,1,7,4,39,0
2,1,3,0,4,1,66,0
11,2,1,0,4,3,77,0
15,0,2,0,22,2,74,0
18,0,0,2,8,4,40,0
4,0,1,0,17,1,13,0
21,0,2,0,7,3,19,0
13,0,0,0,3,4,6,0
4,0,0,0,0,3,18,0
14,1,3,0,3,2,9,0
16,1,2,1,21,1,81,0
13,0,4,0,12,3,68,0
19,3,3,0,15,1,54,0
4,1,3,1,14,3,50,0
11,0,4,0,1,1,70,0
15,1,4,0,1,1,11,1
15,0,3,0,3,4,55,0
20,0,1,0,3,3,42,0
6,2,0,2,0,3,90,0
3,0,4,1,1,1,11,0
0,0,2,1,19,1,72,0
4,1,2,0,8,4,67,0
22,1,1,0,4,2,2,0
9,1,1,0,7,3,82,0
21,2,4,0,3,1,66,0
4,1,1,1,8,4,26,0
3,1,0,1,0,1,76,0
1,2,3,0,23,3,37,0
19,1,0,0,2,4,90,0
9,0,3,0,17,4,36,0
18,1,0,0,10,1,16,0
0,1,2,0,7,1,78,0
23,0,2,1,26,2,66,0
4,0,2,2,1,2,21,0
12,0,2,1,1,3,7,0
3,1,1,1,3,3,11,0
15,2,3,1,17,4,56,0
23,1,1,1,0,3,44,0
15,0,1,0,2,2,54,0
22,1,2,0,5,2,93,0
1,0,1,1,12,2,57,1
16,2,3,2,3,1,58,0
19,0,2,0,5,2,37,0
23,0,2,0,4,2,48,0
11,1,2,2,0,3,62,1
17,1,2,1,13,2,39,0
2,1,1,0,6,2,92,0
0,3,1,1,16,1,64,0
0,2,4,1,11,2,68,0
18,1,4,0,0,3,68,0
10,0,4,0,6,1,27,0
4,1,3,0,46,4,70,0
11,1,1,0,3,2,98,0
2,3,2,1,6,2,82,1
0,0,2,1,10,2,60,0
0,1,2,1,2,4,44,0
7,0,3,0,12,1,30,0
9,1,1,0,10,1,97,0
10,1,3,0,4,2,58,0
11,0,5,0,3,4,84,0
12,0,2,1,25,3,36,0
11,4,2,0,1,4,5,0
13,1,3,1,5,2,99,0
1,1,3,2,14,4,19,0
18,3,2,0,1,1,12,0
17,2,3,0,27,1,90,0
2,0,2,0,7,1,60,0
22,2,3,0,7,3,83,0
16,1,2,0,5,4,11,0
7,0,5,1,20,2,53,0
9,1,0,0,29,2,20,0
1,0,0,0,4,1,73,0
18,0,5,0,7,2,84,0
8,1,2,0,3,3,27,0
6,2,2,1,4,4,58,0
3,1,3,1,0,3,5,0
20,3,4,1,15,4,74,0
17,1,0,0,34,4,9,0
12,0,0,0,14,4,89,0
10,1,4,2,7,2,77,1
23,1,1,0,17,2,32,0
3,0,0,0,19,2,72,0
20,1,3,0,7,2,54,0
3,2,2,0,27,2,45,0
9,0,1,0,0,2,27,0
4,3,0,0,0,1,86,0
8,2,2,1,0,1,28,0
23,0,0,1,0,1,18,0
2,0,0,1,5,3,87,0
16,1,2,0,28,3,31,0
2,1,4,1,11,3,41,0
15,1,2,0,10,4,34,0
3,0,2,0,4,4,7,0
17,3,1,0,7,3,5,0
16,2,2,0,3,1,21,0
6,0,4,0,7,2,6,0
23,3,1,0,13,2,45,0
22,2,3,0,8,2,35,0
4,0,0,4,5,4,87,0
11,1,2,1,18,3,3,0
16,0,4,1,3,1,33,0
22,2,2,1,6,2,38,0
12,1,2,0,38,3,87,0
22,0,0,2,34,3,80,0
2,1,2,1,0,4,89,0
8,0,0,1,7,4,16,0
16,0,2,1,4,4,89,0
16,0,3,1,3,4,71,0
19,1,1,0,9,3,8,0
15,1,1,0,5,4,3,0
21,1,2,0,13,2,69,0
12,1,2,0,0,1,19,0
18,0,5,1,26,4,7,0
16,1,3,0,8,2,86,0
3,1,2,0,11,1,90,0
11,1,0,0,9,4,50,0
8,1,1,0,45,4,89,0
18,0,2,1,42,1,6,0
11,2,0,0,9,2,5,0
8,0,1,0,11,2,61,0
6,0,3,3,9,3,86,0
13,0,2,3,3,3,95,0
19,0,3,1,2,4,58,0
18,1,2,0,5,2,22,0
14,0,2,0,11,2,57,0
15,1,2,2,0,4,75,0
20,0,5,1,7,1,32,0
4,0,2,1,5,1,17,0
2,1,1,0,7,3,58,0
11,1,2,1,19,4,41,0
19,1,1,2,0,1,22,0
20,2,1,1,14,4,80,0
3,0,1,0,10,2,42,0
20,0,1,0,2,1,79,0
22,0,4,2,13,1,8,0
15,0,2,0,6,1,46,0
6,0,0,0,6,2,48,0
12,1,0,0,6,3,3,0
20,1,1,0,29,4,77,0
9,1,1,1,28,1,30,0
6,1,2,1,24,2,28,0
13,3,0,0,21,1,73,0
4,0,3,1,0,4,76,0
2,0,2,0,5,4,25,0
22,1,1,0,22,1,37,0
10,1,4,1,14,2,85,0
10,0,3,1,6,1,51,0
17,0,2,0,14,2,39,0
14,0,9,1,2,3,83,0
11,2,4,0,9,1,72,0
8,3,3,0,7,2,67,0
9,1,2,1,8,1,86,0
11,0,4,0,12,4,1,1
16,1,1,1,29,4,38,0
5,0,4,0,3,1,52,0
6,0,1,0,14,1,63,0
13,0,3,1,10,2,52,0
12,1,4,0,11,2,83,0
7,0,1,0,5,4,85,0
9,1,1,0,28,2,60,0
8,1,2,1,6,4,13,0
17,1,1,0,1,3,91,0
1,3,4,0,11,1,17,0
4,1,4,0,1,2,84,0
4,1,1,1,3,4,30,0
5,0,3,0,2,4,38,0
18,0,3,1,7,1,11,0
7,0,2,1,4,1,27,0
15,0,1,0,1,1,38,0
12,2,1,0,15,2,28,0
0,1,2,0,6,3,26,0
21,0,1,1,6,3,33,0
19,0,2,0,21,3,32,0
16,0,2,0,7,3,54,0
6,1,2,1,12,4,25,0
12,0,2,0,3,2,24,0
3,3,2,0,8,3,40,0
3,1,3,1,12,3,27,0
5,1,0,0,3,2,46,0
18,2,2,1,11,2,86,0
11,2,1,0,8,1,84,0
21,1,1,1,5,1,97,0
6,1,1,1,12,3,69,0
9,3,2,0,3,4,93,0
18,0,1,0,12,1,69,0
6,1,1,1,8,2,39,0
2,1,3,0,2,1,81,0
12,0,3,0,11,1,29,0
12,1,4,0,21,2,75,0
17,0,2,2,3,3,86,0
19,0,1,0,16,1,31,0
7,0,3,0,4,1,65,0
8,0,3,1,17,3,15,0
6,0,7,0,0,1,83,0
0,1,0,0,0,4,74,0
2,1,2,0,1,3,9,0
12,2,1,0,20,4,13,0
16,4,2,0,7,2,45,0
23,2,3,0,9,4,90,0
0,0,0,0,18,2,6,0
5,2,3,0,0,3,44,0
20,0,2,0,4,2,2,0
5,0,2,2,10,2,29,0
11,2,0,0,5,2,48,0
12,1,1,1,0,2,12,0
12,0,0,0,10,4,87,0
14,3,1,0,4,2,67,0
20,2,1,0,0,2,50,0
15,2,3,0,1,1,11,0
21,0,0,0,2,1,5,0
20,0,1,0,7,1,45,0
10,1,0,0,2,2,74,0
4,0,3,1,4,1,47,0
3,0,1,1,13,4,6,0
2,0,2,0,16,3,80,0
18,1,5,1,15,3,95,0
19,3,2,1,11,3,87,0
17,4,3,0,7,1,94,0
14,0,2,0,7,2,84,0
8,0,1,1,30,3,89,0
16,1,2,0,21,4,99,1
13,0,3,1,10,1,69,0
14,1,5,1,6,1,63,0
0,0,4,1,13,4,67,0
20,1,2,0,0,2,47,0
21,1,2,1,28,2,34,0
21,2,2,0,7,4,12,0
2,1,1,1,6,4,27,0
15,4,1,2,3,1,69,0
22,0,1,1,0,4,86,0
10,0,4,1,0,2,68,0
11,3,3,1,3,2,28,0
9,1,2,2,7,2,71,0
15,0,2,0,0,2,45,0
7,1,3,1,35,2,98,0
5,2,1,0,5,1,2,0
11,1,2,0,3,4,9,0
23,0,2,0,7,4,79,0
20,4,2,0,0,3,31,0
7,0,5,0,19,1,36,0
3,1,3,0,6,1,15,0
7,0,5,0,1,1,97,0
17,0,1,0,1,1,62,0
4,2,1,0,4,1,31,0
8,2,4,0,8,2,27,0
3,0,2,0,5,3,2,0
21,1,3,0,9,2,73,0
16,1,1,1,12,3,43,0
8,1,4,0,13,1,1,0
0,4,3,0,5,1,83,0
20,0,2,1,12,4,9,0
19,1,2,1,1,1,60,0
12,1,2,0,7,1,2,0
15,1,1,1,0,1,58,0
12,2,4,4,2,1,65,0
13,1,1,0,8,1,12,0
2,2,1,0,13,3,55,0
5,1,5,1,1,4,90,0
17,0,1,0,2,1,10,0
18,1,0,1,48,1,65,0
4,2,1,1,4,1,65,0
14,1,1,0,3,3,61,0
1,1,2,1,0,3,95,0
9,0,2,1,11,4,75,0
23,0,2,0,7,1,69,0
17,2,0,0,1,4,35,0
12,2,0,1,10,2,11,0
4,0,2,0,7,3,68,0
22,2,5,0,8,1,38,0
23,4,4,0,52,3,39,0
0,0,2,0,0,4,21,0
21,0,4,0,24,2,36,0
0,1,2,1,18,1,92,0
17,1,2,0,5,3,72,0
14,0,1,1,21,2,20,0
16,1,3,1,10,4,43,0
10,0,2,1,22,4,21,0
20,1,2,0,9,3,35,0
21,0,3,1,2,3,64,0
16,0,1,1,8,1,32,0
12,2,0,0,1,4,36,0
0,3,2,1,1,1,69,0
1,3,1,0,10,3,52,0
8,2,4,2,29,2,4,0
2,2,4,2,8,1,7,0
0,1,1,1,15,4,98,0
20,0,3,1,1,3,84,0
15,1,2,2,10,3,71,0
22,0,2,1,13,1,24,0
5,0,1,1,0,1,21,0
16,1,1,1,1,3,57,0
4,0,2,1,15,1,73,0
4,4,1,0,5,3,19,0
5,1,2,0,5,4,84,0
2,2,3,0,25,2,28,0
20,1,2,1,48,1,32,0
22,2,1,3,14,4,34,0
4,1,2,0,15,4,16,0
20,4,3,0,2,1,38,0
4,2,1,0,2,4,81,0
9,2,2,1,39,3,75,0
9,1,0,1,11,1,4,0
18,2,3,0,11,2,56,0
16,2,1,0,3,3,40,0
20,2,3,1,21,4,50,0
13,0,3,0,0,4,40,0
8,1,2,2,3,2,82,0
13,1,1,0,1,2,49,0
0,1,2,0,12,4,48,0
18,1,2,1,12,2,6,0
12,2,3,1,7,2,96,0
12,0,4,0,0,4,5,0
3,0,2,0,20,3,79,0
0,0,0,1,31,1,45,0
16,1,4,1,2,4,16,0
7,1,5,0,18,2,17,0
1,1,5,0,36,2,59,0
7,0,2,0,3,3,56,0
6,1,1,1,2,4,79,0
1,0,3,0,37,4,35,0
21,1,1,0,0,2,8,0
21,1,2,1,3,4,99,0
2,1,3,0,13,2,61,0
17,0,2,1,9,2,27,0
11,2,2,1,11,2,78,0
0,1,3,0,12,1,87,0
21,1,3,1,11,2,20,0
11,0,3,0,4,3,57,0
4,1,1,0,3,4,70,0
16,1,2,0,5,1,88,0
15,0,2,1,16,4,23,0
14,1,4,1,27,3,76,0
22,1,2,0,6,1,2,0
14,1,1,0,0,4,27,0
4,0,2,0,27,1,32,0
20,2,4,1,0,2,93,0
13,2,2,0,1,2,50,0
1,1,3,1,20,4,64,0
10,5,2,0,8,3,40,0
18,0,0,0,4,1,33,0
6,1,1,2,26,1,29,0
5,1,2,1,32,4,33,0
1,0,0,1,4,2,17,0
5,0,0,0,20,1,74,0
17,1,2,0,11,2,65,0
1,1,2,2,3,2,43,0
17,1,1,0,28,3,63,0
14,0,0,0,0,2,81,0
18,0,2,1,3,2,92,0
1,1,3,1,5,1,58,0
19,0,0,0,11,3,91,0
5,1,2,1,0,3,43,0
0,1,0,0,22,4,37,0
23,2,0,1,10,4,46,0
14,2,3,1,3,4,25,0
22,2,2,0,10,3,98,0
9,1,3,1,7,2,67,0
18,0,2,1,4,3,93,0
16,0,1,0,0,2,99,0
4,0,2,2,8,4,51,0
3,1,1,0,0,4,74,0
9,3,3,0,16,2,38,0
23,2,2,0,0,2,38,0
16,0,2,0,5,4,1,0
9,2,3,0,5,2,54,0
16,0,1,1,8,3,65,0
19,0,2,1,0,4,96,0
23,2,2,1,2,3,22,0
4,0,2,1,2,4,61,0
1,1,0,1,9,1,58,0
5,0,1,0,3,3,54,0
20,1,2,1,1,1,19,0
1,0,1,1,0,4,99,0
12,1,2,0,18,3,70,0
10,3,1,0,35,3,34,0
10,0,1,0,12,3,79,0
15,0,2,0,5,2,44,0
10,2,0,1,1,3,67,0
18,3,2,0,6,3,52,0
14,0,4,1,6,1,22,0
22,1,0,0,5,3,29,0
22,0,1,1,4,2,14,0
15,2,1,0,6,3,94,0
10,2,2,1,0,1,62,0
21,0,1,0,0,3,15,0
15,0,1,0,0,3,93,0
7,3,1,0,2,1,14,0
3,0,1,0,3,4,67,0
7,0,4,1,1,3,22,0
3,1,1,0,2,4,97,0
23,0,2,0,2,1,87,0
2,1,2,0,1,1,7,0
2,0,1,1,3,4,84,0
17,1,2,0,5,2,7,0
18,0,1,1,13,2,17,0
18,2,3,0,31,1,32,0
20,1,3,1,25,2,79,0
4,2,2,3,6,2,77,0
17,1,1,0,6,1,56,0
9,0,3,4,1,3,62,0
21,1,6,0,35,3,58,0
20,0,2,0,14,3,58,1
5,3,1,0,18,2,3,0
0,1,3,0,2,4,89,0
4,0,2,0,5,2,96,0
8,1,1,0,1,3,80,0
11,0,2,0,28,1,1,0
13,1,1,1,3,1,67,0
1,0,2,0,9,1,20,0
16,0,3,1,1,2,92,0
13,1,1,0,16,4,86,0
12,2,1,0,2,3,62,0
8,1,5,0,16,1,56,0
14,0,1,0,5,3,53,0
21,1,1,0,8,3,65,0
14,2,1,1,3,2,56,0
23,1,0,1,21,1,78,0
10,1,2,0,14,2,45,0
15,2,5,0,4,3,79,0
16,0,1,0,8,3,96,0
3,1,2,2,1,3,18,0
0,1,4,2,1,1,48,0
7,1,3,0,7,1,38,0
16,2,2,0,10,1,22,0
2,2,0,0,8,3,80,0
19,1,3,0,8,3,75,0
14,0,3,0,13,4,71,1
14,2,0,1,23,1,73,0
23,0,1,0,4,3,1,0
21,0,2,2,7,3,42,0
13,0,6,0,22,4,72,0
22,0,2,1,6,4,75,0
13,0,1,1,5,3,69,0
23,1,3,1,14,1,29,0
1,0,1,1,20,2,6,0
12,1,5,0,13,2,56,0
13,0,1,0,1,2,12,0
23,0,3,0,6,1,39,0
18,0,2,0,2,3,71,0
6,1,2,0,3,2,12,0
2,3,3,0,6,2,33,0
14,2,2,0,2,1,83,1
22,1,1,1,7,3,53,0
13,0,2,1,10,3,19,0
10,0,0,0,20,1,58,0
14,2,2,0,2,2,85,0
12,1,3,1,3,3,83,0
17,1,1,0,5,3,43,0
5,0,0,0,2,2,73,0
2,2,2,0,4,1,45,0
18,1,2,0,21,2,86,0
14,1,2,3,1,4,19,0
22,1,1,2,5,3,37,0
4,3,0,0,3,1,11,0
9,0,3,0,0,2,56,0
6,2,1,1,1,2,25,0
16,1,0,1,15,1,99,0
6,3,2,1,19,3,69,0
21,0,3,0,13,1,45,0
11,1,1,0,7,4,62,0
16,0,5,1,14,1,95,0
12,1,1,0,1,4,14,0
19,2,0,0,15,3,77,0
3,1,3,0,5,2,34,0
9,1,0,0,13,4,98,0
2,1,2,1,2,4,82,0
8,1,0,0,17,1,60,0
12,0,4,1,8,1,64,0
17,3,1,0,0,2,70,0
14,0,3,0,7,3,51,0
3,0,0,0,3,4,42,0
14,1,1,0,0,2,21,0
21,0,2,0,5,4,5,0
1,2,2,0,3,2,66,0
14,0,2,3,2,1,70,0
7,1,0,0,4,1,61,0
7,2,1,0,1,3,8,0
16,2,4,1,3,1,66,0
11,0,1,0,1,2,87,0
18,1,2,0,0,4,62,1
9,0,5,0,24,2,20,0
8,0,2,0,23,3,4,0
4,0,5,0,17,1,15,0
5,1,4,1,2,1,94,0
19,0,3,0,12,4,56,0
1,1,2,1,8,3,20,0
23,0,1,0,0,3,24,0
12,3,1,0,22,1,9,0
5,0,3,0,62,3,21,0
4,0,3,1,12,2,41,0
0,1,1,0,2,3,13,0
20,0,4,0,8,2,5,0
21,1,2,1,1,2,64,0
20,1,5,1,3,2,46,0
5,2,6,0,12,1,78,0
5,0,1,0,3,2,71,0
22,2,2,0,1,4,70,0
15,0,1,0,0,3,59,0
3,2,2,0,8,2,76,0
10,1,2,0,34,4,51,0
23,1,0,0,6,1,16,0
22,3,2,2,2,1,51,0
8,0,0,0,6,1,96,0
22,0,5,1,9,1,42,0
2,2,2,0,16,3,11,0
18,0,0,0,6,1,68,0
7,0,1,0,1,3,93,0
4,1,3,0,2,4,52,0
3,1,3,1,22,1,98,0
23,2,2,0,2,1,73,0
5,0,3,0,13,4,10,0
1,1,3,2,3,4,72,0
19,1,1,0,12,3,63,0
10,0,0,1,0,2,36,0
3,0,2,2,2,3,96,0
14,1,3,1,5,2,45,0
5,0,0,0,7,3,6,0
21,1,3,1,4,2,6,0
16,0,1,1,8,1,91,0
23,1,2,1,3,2,66,0
5,0,0,1,11,4,73,0
18,2,2,0,7,4,64,0
1,3,3,1,12,2,38,0
14,0,2,0,5,1,69,0
10,0,0,0,20,1,98,0
7,0,1,2,4,2,61,0
18,2,2,1,3,2,78,0
12,0,0,1,8,4,74,0
11,1,3,0,7,4,63,0
4,1,0,0,7,3,71,0
5,2,1,0,15,1,20,0
21,2,3,0,8,1,75,0
3,2,2,2,21,1,77,0
18,1,1,0,9,3,64,0
19,2,1,0,0,3,81,0
0,1,0,1,20,4,37,0
19,3,3,0,18,4,36,0
16,1,2,0,0,2,97,0
11,1,1,0,1,3,10,0
14,0,3,0,8,3,34,0
0,0,1,1,0,3,45,0
13,0,1,1,5,1,63,0
5,0,2,0,37,4,13,0
4,2,6,0,1,2,25,0
10,1,1,0,2,3,44,0
3,0,2,0,11,3,97,0
12,3,4,2,0,3,74,1
10,1,3,0,17,1,24,0
2,2,3,1,2,2,69,0
0,1,0,1,7,2,74,0
5,1,3,0,2,3,47,0
17,2,0,0,10,2,91,0
23,1,1,1,8,1,50,0
9,0,2,0,29,3,36,0
4,0,3,0,5,4,33,0
22,0,3,0,20,4,92,0
9,1,1,1,8,2,3,0
11,0,2,0,24,4,31,0
1,0,6,1,3,4,60,0
12,0,0,0,7,3,29,0
7,0,1,0,4,1,44,0
1,1,0,1,0,3,45,0
19,2,5,2,8,1,42,0
0,1,2,0,15,3,21,0
4,0,2,1,8,4,32,0
8,0,1,2,3,3,28,0
16,0,0,0,3,2,85,0
8,2,3,1,2,2,47,0
10,1,3,0,38,1,99,0
14,1,2,1,5,1,94,0
23,0,2,0,3,1,47,0
5,0,4,1,5,2,17,0
22,0,2,1,1,3,29,0
2,2,2,0,2,4,48,0
16,3,2,0,7,1,2,0
4,2,1,0,16,3,33,0
11,1,0,0,20,3,63,0
17,0,1,1,20,2,68,0
13,2,3,0,28,2,39,0
20,1,3,1,1,4,89,0
23,1,4,0,0,3,5,0
10,1,3,0,1,1,68,0
8,1,1,0,9,2,52,0
1,0,2,0,8,3,52,0
11,0,3,2,11,2,29,0
2,0,1,0,4,3,37,0
2,0,0,1,4,2,8,0
0,0,3,0,7,1,20,0
7,1,1,0,0,4,41,0
21,1,1,2,16,1,70,0
7,2,1,1,25,2,36,0
10,2,0,1,4,2,32,0
8,1,1,4,13,2,5,0
4,1,2,2,7,1,20,0
13,0,4,2,2,2,68,0
2,1,1,0,0,1,22,0
20,1,2,0,2,2,97,0
4,2,2,0,9,4,31,0
4,1,0,0,0,4,41,0
18,1,1,0,18,2,93,0
13,0,0,1,35,3,5,0
3,2,3,1,0,1,10,0
12,0,5,1,2,2,75,0
9,1,3,0,11,1,37,0
17,0,0,1,16,3,56,0
7,1,0,0,4,4,86,0
7,1,1,0,7,1,24,0
6,2,1,0,22,1,85,0
7,1,1,0,4,1,16,0
13,2,1,0,0,1,2,0
18,1,3,0,52,1,15,0
5,1,1,1,1,4,41,0
0,0,1,1,0,1,63,0
22,1,2,0,5,1,49,0
14,1,2,1,1,4,26,0
0,1,2,0,38,2,94,0
16,0,3,0,4,2,66,0
0,3,1,1,17,1,29,0
14,0,0,4,1,4,70,0
22,2,3,1,1,1,60,1
1,5,4,1,10,2,65,0
13,0,4,0,24,4,40,0
20,1,1,0,1,3,11,0
7,1,5,0,8,4,52,0
7,1,1,0,0,2,87,0
18,0,2,0,16,4,90,0
6,0,5,2,24,3,95,0
18,2,3,2,9,4,79,0
5,2,5,0,11,1,73,0
5,0,2,0,0,1,64,0
2,1,4,1,0,2,98,0
6,1,3,0,1,4,81,0
18,1,3,1,3,2,99,0
7,1,1,0,14,4,3,0
9,0,1,0,5,2,11,0
19,1,0,2,0,4,28,0
14,0,2,0,19,1,62,0
14,1,1,0,50,2,48,0
0,2,1,1,6,2,28,0
19,0,3,0,7,3,46,0
6,2,1,0,0,4,64,0
3,1,3,0,4,1,55,0
5,1,2,0,4,1,83,0
0,2,3,1,33,1,2,0
4,0,2,1,10,2,96,0
22,2,2,0,15,1,75,0
0,0,3,0,1,2,16,0
3,1,2,1,5,3,11,0
21,1,1,1,2,1,3,0
1,0,2,0,19,3,55,0
9,2,2,0,1,4,42,0
4,2,0,0,5,4,29,0
9,1,0,0,0,3,69,0
0,2,2,0,10,4,92,0
21,1,4,0,6,1,31,0
5,2,2,1,6,1,77,0
12,3,2,0,1,2,25,0
14,1,4,0,7,3,6,0
3,2,2,1,8,3,60,0
12,1,3,3,32,2,67,0
23,0,2,0,0,1,22,0
19,1,2,1,25,3,41,0
23,0,0,1,6,2,53,0
14,0,3,1,2,3,60,0
7,2,1,0,10,3,39,0
4,1,1,1,7,2,55,0
14,2,1,0,2,3,96,0
3,0,4,0,9,4,30,0
11,0,1,0,6,2,71,0
12,0,2,1,11,2,89,0
1,3,0,0,11,4,2,0
18,2,2,0,6,3,8,0
18,2,0,0,4,4,63,0
3,4,4,1,0,3,59,0
3,1,1,1,6,1,97,0
10,0,5,0,2,4,28,0
4,0,2,1,0,4,74,0
19,1,2,0,4,4,38,1
10,0,4,0,0,1,18,0
9,0,0,0,8,3,62,0
7,3,1,0,7,1,77,0
5,2,5,1,15,4,85,0
5,1,1,0,3,1,97,0
7,1,1,2,4,4,23,0
22,1,1,0,11,2,65,0
14,0,1,0,49,3,40,0
13,0,1,0,23,4,60,0
10,1,1,0,7,1,85,0
11,2,3,0,11,1,5,0
12,1,3,0,7,1,99,0
7,2,1,0,5,3,18,0
17,2,2,0,9,2,38,0
0,2,3,0,4,3,29,0
14,0,3,0,3,2,26,0
7,1,1,0,12,1,60,0
10,0,2,0,20,3,36,0
11,2,3,2,3,2,82,0
11,3,5,1,12,1,29,0
3,4,2,0,5,1,31,0
15,0,5,1,3,3,63,1
3,1,2,0,9,2,13,0
4,2,4,0,28,1,94,0
23,1,2,0,4,1,71,0
4,0,2,2,14,1,40,0
7,1,1,1,3,4,70,0
9,1,2,2,16,2,2,0
16,2,1,0,14,2,8,0
8,2,1,0,14,4,74,0
21,0,0,1,60,1,43,0
18,1,2,1,1,4,49,0
13,1,5,1,4,4,22,0
7,2,3,0,9,4,74,0
8,1,1,0,8,2,35,0
21,1,2,0,15,1,19,0
10,2,2,0,0,1,4,0
22,0,2,0,12,2,19,0
0,1,3,0,13,2,20,0
13,2,6,0,0,4,4,0
4,3,3,0,7,4,49,0
20,0,3,0,2,3,26,0
13,0,3,0,16,3,3,0
3,2,1,1,0,2,52,0
21,2,2,0,1,4,94,0
22,1,2,1,1,2,36,0
0,1,0,0,0,4,41,0
21,1,2,0,9,4,70,0
22,2,3,0,20,2,51,0
18,1,2,1,7,2,91,0
7,0,1,0,2,1,16,0
14,1,2,1,4,1,47,0
20,1,1,0,4,3,80,0
14,1,2,1,6,2,46,0
8,1,0,0,5,3,55,0
20,2,0,0,11,2,98,0
8,0,4,0,4,2,88,0
9,0,3,0,10,2,39,0
19,0,0,1,7,1,6,0
20,0,0,0,0,3,84,0
8,0,3,0,25,2,61,0
2,0,2,1,1,3,9,0
19,0,4,0,6,3,85,0
10,0,4,0,29,1,11,0
5,0,1,0,2,1,94,0
1,0,0,0,0,2,65,0
6,0,3,1,6,4,91,0
17,1,3,0,2,3,59,0
1,0,1,0,8,1,70,0
16,1,1,1,16,3,7,0
10,0,4,2,7,4,61,0
11,0,2,1,10,3,57,0
18,1,1,0,10,2,86,0
21,0,1,1,17,3,34,0
23,0,1,1,11,1,84,0
6,1,3,2,37,2,45,0
19,0,1,2,6,2,45,0
5,2,2,1,0,4,15,0
20,1,2,1,5,2,9,0
23,0,1,2,18,1,82,0
0,1,2,1,1,4,46,0
16,3,1,0,13,2,46,0
10,1,0,0,7,4,36,0
21,1,0,1,23,3,46,0
17,0,5,0,13,2,42,0
20,0,1,0,10,1,30,0
16,0,0,0,21,1,11,0
6,0,5,0,23,2,33,0
16,2,2,1,4,3,40,0
19,1,2,0,26,4,70,0
8,4,3,0,0,1,43,0
16,0,2,1,14,1,39,0
19,2,0,1,4,4,86,0
21,0,1,0,6,4,39,0
21,1,2,0,18,1,53,0
7,1,0,0,10,4,83,0
16,0,0,0,6,2,86,0
6,0,0,0,1,1,31,0
0,3,1,0,28,1,63,0
12,0,2,0,4,1,25,0
22,2,2,0,1,2,41,0
18,1,1,1,8,1,50,0
23,0,0,1,5,4,59,0
18,0,3,0,8,1,49,1
16,1,3,1,2,2,30,0
12,1,3,0,4,2,45,0
15,1,1,0,35,3,68,0
7,0,2,1,27,1,53,0
18,0,1,0,19,2,26,0
17,0,2,0,15,3,71,0
0,3,2,0,1,1,40,0
13,0,1,0,6,2,12,0
18,1,0,1,13,2,1,0
14,2,0,0,3,1,70,0
17,2,3,0,0,1,1,0
1,1,2,0,5,3,8,0
21,0,0,0,5,1,33,0
16,2,1,3,0,1,68,0
17,1,0,1,3,4,50,0
5,2,1,3,24,1,6,0
18,1,2,0,2,2,60,0
3,1,1,0,8,3,63,0
0,1,3,1,6,3,52,0
7,1,3,2,19,3,3,0
22,0,3,0,10,2,79,0
6,3,1,0,1,1,70,0
2,2,2,0,1,2,6,0
9,0,2,0,8,4,37,0
9,3,1,1,0,3,51,0
18,1,1,0,5,1,27,0
13,2,0,0,5,1,46,0
1,1,1,1,2,3,69,0
0,2,0,1,3,4,17,0
22,0,1,0,4,4,87,0
22,1,0,0,0,1,17,0
17,1,3,1,16,2,23,0
6,1,3,1,31,3,39,0
7,1,3,1,3,2,33,0
0,1,1,2,1,1,66,0
22,2,0,1,30,3,10,0
2,1,2,0,13,4,83,0
23,0,2,1,22,4,40,0
22,2,1,4,4,4,73,0
7,2,2,1,6,1,15,0
21,0,1,0,26,4,43,0
14,0,6,1,6,3,88,0
4,0,0,1,11,3,12,0
2,2,0,1,12,3,22,0
18,3,1,2,18,3,18,0
0,0,3,0,36,4,66,0
14,2,1,1,4,3,62,0
7,0,2,1,2,1,61,0
1,0,3,0,0,3,60,0
2,3,1,0,19,4,79,0
23,0,2,0,3,4,39,0
13,1,1,1,0,2,73,0
23,1,2,1,20,3,22,0
13,2,5,1,7,4,81,0
10,0,0,0,18,2,14,0
15,2,2,1,8,1,95,0
3,2,3,0,3,3,7,0
19,1,0,0,1,4,35,0
4,1,1,0,5,4,34,0
21,1,4,0,0,3,67,0
20,3,1,1,9,2,63,0
13,1,2,0,5,3,2,0
22,0,3,0,1,1,91,0
15,1,1,0,7,1,45,0
17,0,1,1,16,3,63,0
6,1,1,0,36,2,2,0
9,0,1,0,7,1,54,0
6,2,2,0,1,3,51,0
0,3,2,1,16,2,41,0
22,0,0,0,11,2,5,0
20,2,3,0,30,4,85,0
18,0,4,2,7,1,71,0
15,0,2,0,4,3,25,0
18,1,1,1,32,1,1,0
3,1,0,0,7,2,9,0
17,0,1,3,0,4,66,0
1,2,5,0,6,1,67,0
0,0,1,0,0,3,4,0
14,1,2,2,13,1,21,0
4,2,2,2,8,2,61,0
19,1,1,0,1,4,26,0
10,1,3,0,16,1,44,0
9,1,3,0,7,2,37,0
1,2,3,0,1,2,78,0
2,1,2,1,1,4,10,0
22,1,5,1,17,2,90,0
22,0,2,0,4,1,74,0
11,1,1,0,17,3,82,0
19,4,0,0,0,4,91,0
4,0,1,0,2,2,81,0
4,1,2,0,14,1,74,0
5,0,1,1,10,4,75,0
8,3,3,0,3,2,47,0
1,1,0,0,27,1,88,0
20,2,1,1,2,2,83,0
11,0,1,0,18,1,80,0
2,0,1,1,11,2,23,0
19,0,2,1,1,4,76,0
21,2,2,0,8,4,54,0
11,2,1,0,26,4,59,0
23,2,1,2,9,2,19,0
16,0,1,1,7,2,25,0
9,0,1,0,4,4,67,0
23,3,1,0,15,4,13,0
13,1,4,0,24,3,21,0
22,0,0,0,13,1,22,0
16,4,1,0,12,3,47,0
17,0,2,2,2,1,63,0
18,0,2,0,17,2,29,0
16,2,1,1,0,1,49,0
13,1,3,2,14,1,25,0
8,0,1,0,2,2,23,0
7,1,3,0,6,2,76,0
1,2,1,1,11,2,49,0
12,0,0,1,14,4,23,0
6,0,2,0,21,4,5,0
8,1,4,1,3,1,29,0
21,0,5,0,2,2,5,0
21,1,2,0,55,4,39,0
10,1,2,1,2,2,99,0
13,1,0,0,10,1,35,0
3,0,0,1,30,4,81,0
12,1,3,0,22,4,30,0
1,4,3,0,5,3,56,0
22,1,2,0,10,1,2,0
4,2,1,0,7,4,15,0
10,1,3,2,4,1,51,0
5,1,2,0,1,1,23,0
17,2,3,0,16,2,26,0
20,0,1,0,0,1,11,0
9,0,3,1,9,3,24,0
3,1,4,1,9,4,9,0
8,0,2,0,4,1,78,0
5,0,1,0,1,1,88,0
1,1,1,0,16,2,71,0
16,1,0,1,6,2,10,0
4,1,3,0,12,3,97,0
5,1,5,0,0,1,97,0
11,3,3,2,0,1,91,0
22,2,0,1,1,1,72,0
20,0,0,2,1,1,78,0
9,1,3,0,2,4,71,0
21,0,2,1,11,1,82,0
20,0,0,1,0,1,57,0
5,0,1,0,0,4,90,0
7,1,1,1,0,2,15,0
1,0,3,0,11,3,33,0
11,0,5,0,7,1,11,0
12,2,3,0,4,4,19,0
20,0,3,0,11,1,42,0
6,0,1,2,8,2,82,0
9,2,1,2,0,4,86,0
12,0,2,1,18,4,58,0
16,2,1,0,4,4,18,0
20,0,2,0,5,1,18,0
13,1,2,1,15,2,22,0
1,3,1,0,2,3,89,0
21,2,5,0,0,4,52,0
10,1,1,2,23,1,44,0
0,0,1,2,7,3,31,0
18,2,4,0,4,4,9,1
20,0,1,0,17,1,50,0
3,2,0,0,0,3,61,0
18,2,1,2,2,3,19,0
20,1,3,0,1,4,52,0
10,0,5,1,13,1,55,0
7,2,5,0,3,3,25,1
10,1,2,0,14,2,79,0
3,1,4,1,0,2,69,0
16,1,1,0,9,3,75,0
6,3,3,1,3,4,13,0
7,1,3,0,2,4,34,0
2,2,2,0,16,4,72,0
21,1,2,0,5,3,25,0
1,2,1,2,8,4,91,1
22,1,4,0,0,4,75,0
14,1,3,1,15,2,64,0
23,1,1,0,3,1,82,0
21,2,2,0,11,2,10,0
21,1,1,0,14,3,97,0
4,1,1,0,1,2,17,0
23,1,0,0,3,1,5,0
0,0,2,0,12,2,87,0
3,0,1,0,2,4,67,0
14,0,1,0,18,1,10,0
19,0,0,1,3,3,27,0
18,0,1,0,5,2,56,0
2,0,0,0,1,2,7,0
19,0,3,0,1,4,29,0
10,1,2,0,3,1,49,0
16,1,0,1,0,4,39,1
12,1,1,0,2,2,70,0
10,2,2,0,5,2,9,0
1,2,2,0,4,1,72,0
8,2,2,0,2,2,61,0
1,0,5,2,0,1,78,1
20,3,3,1,3,3,54,0
8,0,3,0,13,2,9,0
8,1,5,1,7,1,60,0
7,0,1,1,29,1,52,0
16,1,0,2,1,4,75,0
0,0,0,1,2,2,11,0
10,1,6,1,3,4,35,0
7,1,1,1,0,1,75,0
9,1,1,2,28,3,36,0
6,0,2,0,5,3,55,0
2,1,2,2,6,2,3,0
2,0,2,1,1,3,83,0
17,1,3,0,20,2,72,0
4,0,3,1,11,2,53,0
11,1,1,0,5,1,28,0
11,1,1,1,21,1,53,0
18,0,3,2,23,1,54,0
5,1,1,1,0,4,53,0
1,1,1,1,1,1,65,0
11,0,2,1,0,2,53,0
18,1,4,1,8,1,40,0
4,1,2,0,2,4,94,0
11,0,0,2,18,1,41,0
16,0,4,1,6,3,38,0
16,0,4,0,18,2,75,0
9,2,2,0,8,3,29,0
22,0,1,0,15,3,31,0
16,0,6,0,4,4,61,0
14,1,3,1,29,3,74,0
11,4,0,0,11,1,99,0
15,1,2,1,9,2,40,1
23,2,2,0,4,3,93,0
18,1,2,0,27,3,2,0
7,4,3,0,4,2,48,0
20,4,3,2,18,1,1,0
16,3,1,0,5,3,59,0
22,0,3,2,14,2,32,0
4,1,1,1,24,1,88,0
21,0,3,0,6,1,2,1
15,0,1,0,7,1,59,0
5,1,0,2,4,4,3,0
7,0,3,1,0,1,73,0
17,4,1,0,10,1,49,0
11,0,5,0,1,2,88,0
14,2,0,1,4,4,76,0
8,0,3,0,4,1,34,0
12,1,3,0,1,3,62,0
14,1,2,1,10,4,34,0
9,1,2,0,1,2,23,0
15,0,2,0,15,4,19,0
6,0,2,0,2,3,52,0
16,3,1,1,3,4,60,0
22,1,1,0,4,3,96,0
20,0,4,1,1,1,28,0
21,0,0,0,5,1,90,0
6,1,4,0,0,4,49,0
13,0,3,2,5,4,45,0
14,2,1,0,4,2,76,0
20,0,1,1,4,2,95,0
6,1,4,0,10,3,60,0
8,1,4,1,14,1,75,0
18,2,2,1,4,4,56,0
15,2,0,1,3,1,4,0
7,1,0,0,6,4,18,0
17,0,0,1,15,3,29,0
22,1,1,0,10,1,39,0
17,2,0,1,0,2,55,0
19,2,1,0,6,3,58,0
6,2,3,1,47,1,47,0
2,1,1,3,4,3,31,0
17,1,3,0,5,4,28,0
9,0,2,0,3,1,27,0
6,0,4,1,6,1,30,0
16,1,5,0,1,1,49,0
13,3,1,2,2,2,42,0
23,0,2,0,12,3,75,0
2,3,0,0,1,2,78,0
11,0,2,0,26,2,68,0
12,2,0,0,3,3,1,0
1,0,2,1,8,3,44,0
2,2,2,0,3,1,37,0
4,2,0,2,6,1,33,0
10,3,3,0,23,3,21,0
7,0,2,0,0,1,88,0
22,0,1,1,19,4,40,0
22,3,3,2,8,1,61,0
11,2,0,0,10,3,13,0
6,1,4,1,0,2,98,0
14,2,1,0,14,3,38,1
23,0,0,0,1,3,29,0
16,1,5,0,33,2,53,0
3,2,5,0,16,4,64,0
21,1,2,1,6,1,36,0
12,3,1,1,25,4,5,0
17,1,1,0,1,2,20,0
0,1,0,0,47,4,93,1
15,1,2,1,12,2,11,0
12,0,2,1,1,3,72,0
9,0,1,1,7,4,28,0
11,0,1,0,12,1,49,0
1,0,2,1,9,1,41,0
22,4,2,0,5,2,18,1
2,1,0,0,2,3,30,0
9,0,0,1,2,4,14,1
1,1,1,0,26,4,56,0
22,1,1,1,2,2,73,0
12,2,1,0,32,4,74,0
12,1,1,1,2,1,89,0
17,1,2,0,4,1,52,0
2,2,4,1,0,4,91,0
6,4,1,0,23,4,66,0
13,1,2,0,1,3,67,0
19,0,4,0,4,3,29,0
16,2,1,0,18,4,27,0
20,0,3,1,15,4,68,0
11,1,0,0,18,2,35,0
15,0,1,0,24,3,91,0
23,0,3,0,24,4,83,0
11,1,0,0,14,2,10,0
14,0,1,0,8,3,26,0
9,1,6,0,8,2,71,0
6,5,2,1,0,4,91,0
19,2,1,2,12,1,94,0
4,0,3,0,2,1,76,0
0,2,2,0,17,1,61,0
16,1,3,0,8,1,69,0
2,1,4,1,43,4,56,0
12,2,1,0,2,1,77,0
13,2,2,0,12,1,64,0
23,0,1,0,7,4,41,0
17,2,1,0,26,3,4,0
3,0,1,0,3,3,66,0
17,2,3,0,0,3,37,0
4,0,5,0,7,2,34,0
15,0,2,0,7,3,50,0
0,1,3,1,3,4,70,0
20,1,1,0,43,3,90,0
13,1,2,0,0,2,75,0
14,0,2,1,8,2,42,0
8,2,4,0,3,1,1,0
14,2,5,0,0,4,34,0
16,1,2,2,44,3,85,0
23,1,4,0,6,3,10,0
3,0,2,0,19,4,5,0
11,1,0,0,18,4,90,0
4,1,1,1,16,4,44,0
4,0,4,0,6,4,19,0
10,3,2,1,22,4,21,0
5,2,2,0,4,4,34,0
6,2,3,0,5,4,29,0
23,3,5,0,2,2,79,0
13,0,1,0,5,1,40,0
23,1,0,0,43,3,80,0
10,0,0,0,8,2,18,0
12,0,2,0,17,2,49,0
1,0,1,2,3,3,61,0
6,3,4,1,31,2,65,0
19,3,1,1,0,4,75,0
3,0,0,0,26,2,36,0
7,2,2,0,22,3,96,0
19,1,2,0,0,1,92,0
21,2,0,0,9,3,70,0
20,1,5,1,15,1,7,0
18,0,5,0,5,4,61,0
12,0,1,0,0,2,64,0
13,0,3,0,17,3,88,0
9,1,3,1,6,3,74,0
10,0,2,1,3,1,30,0
1,2,3,0,0,2,17,0
8,1,1,1,10,3,44,0
16,0,1,0,0,3,72,0
2,1,1,0,15,2,76,0
23,1,4,2,14,4,26,0
5,2,1,0,3,1,17,0
4,0,0,1,6,3,35,0
4,3,0,0,11,2,46,0
21,1,2,0,31,4,5,0
14,1,2,0,7,3,45,0
22,3,1,0,57,4,75,0
16,0,1,0,3,3,16,0
8,1,2,1,7,3,58,0
2,0,1,0,1,4,42,0
19,0,1,0,8,1,94,0
16,0,1,0,7,4,60,0
9,2,2,1,18,2,56,0
2,1,1,1,56,3,6,0
17,0,2,1,42,4,20,0
17,2,1,1,2,4,84,0
16,2,2,0,4,3,24,0
23,1,2,1,3,3,91,0
2,0,0,1,2,4,67,0
2,3,4,0,1,1,88,0
5,0,5,0,7,3,52,0
12,1,1,0,20,4,10,0
23,1,4,1,8,2,25,0
14,2,3,0,20,1,92,1
8,0,3,1,32,2,82,0
3,0,1,0,4,3,45,0
13,1,1,0,18,3,78,0
4,3,2,1,0,1,1,0
1,0,1,1,6,3,84,0
10,0,2,0,4,2,25,0
8,1,2,2,2,4,76,0
23,4,2,1,5,4,73,0
2,1,1,0,5,2,9,0
8,0,1,1,16,2,42,1
2,1,3,1,20,3,63,1
1,0,0,1,10,3,25,0
11,2,1,0,10,1,94,0
9,1,3,0,1,4,48,0
8,1,1,1,8,1,55,0
14,2,4,0,3,2,92,0
7,1,1,0,3,2,66,0
4,1,4,0,0,1,89,0
10,1,2,1,10,1,82,0
1,0,2,1,8,4,24,0
23,2,3,0,2,2,82,0
14,1,1,1,3,1,91,0
5,1,1,0,14,4,44,0
7,0,3,0,15,3,56,0
4,2,2,0,6,3,35,0
15,0,4,0,1,4,34,0
17,2,2,0,0,1,6,0
5,2,5,0,3,4,49,0
4,2,0,0,13,4,16,0
15,0,3,0,9,1,87,0
12,2,1,0,12,3,92,0
4,1,2,0,6,4,13,0
12,1,2,1,14,3,12,0
16,1,2,0,6,4,11,0
17,2,3,0,0,2,47,0
7,0,0,0,0,1,60,0
12,0,2,0,17,3,49,0
18,1,0,0,9,1,52,0
2,0,2,0,3,3,61,1
23,1,2,1,14,3,86,0
7,0,2,1,1,1,95,0
1,0,0,0,10,4,91,0
7,0,1,0,45,4,91,0
12,0,2,0,1,2,40,0
12,1,2,0,1,3,90,0
0,1,3,1,6,1,71,0
5,0,1,0,10,3,75,0
23,0,0,1,0,4,53,0
18,0,1,0,6,1,61,0
15,1,3,1,0,1,22,0
7,0,1,0,2,3,83,0
0,0,3,0,12,2,38,0
15,0,1,0,13,4,84,0
8,0,2,0,13,4,61,0
12,1,3,1,0,3,83,0
10,1,0,2,15,3,83,1
12,3,1,0,5,2,47,0
20,2,4,1,6,4,27,0
9,2,3,0,5,2,81,0
3,0,3,0,19,1,18,0
5,0,2,0,11,1,20,0
6,1,1,0,6,2,42,0
4,2,2,0,17,2,41,0
10,2,2,2,16,3,72,0
12,3,3,0,0,4,58,0
18,2,2,0,6,4,40,1
22,3,0,0,0,4,75,0
9,1,3,1,3,2,30,0
9,0,5,0,16,3,12,0
10,1,2,1,28,3,62,0
20,0,3,0,2,3,62,0
6,2,1,1,0,2,87,0
17,1,4,1,5,2,70,0
3,0,3,0,4,3,99,0
1,2,5,1,11,2,15,0
13,1,2,1,6,1,92,0
12,0,0,1,5,4,7,0
11,0,3,1,2,4,6,0
6,2,1,0,17,4,27,0
1,2,0,0,2,1,2,0
12,0,3,1,0,3,6,0
13,0,2,1,8,4,61,0
16,1,2,1,3,2,32,0
8,1,2,1,12,1,29,0
16,1,1,0,0,3,98,0
7,1,3,0,33,1,65,0
1,3,2,0,2,4,15,0
23,0,3,0,4,3,10,0
12,0,5,0,6,4,10,0
2,0,0,0,22,3,10,0
15,1,0,0,12,4,37,0
5,0,2,0,1,3,32,0
18,1,3,1,5,1,36,0
6,0,2,0,7,3,64,0
9,0,2,1,12,3,89,0
8,1,3,0,8,1,15,0
1,0,0,0,6,3,73,0
14,2,1,1,14,1,16,0
4,3,2,0,4,4,83,0
21,0,3,0,43,4,46,0
3,0,4,0,29,4,44,0
19,2,4,1,12,3,76,0
3,0,4,1,21,2,35,0
17,2,1,1,4,2,51,0
3,4,2,0,8,4,58,0
16,0,4,0,3,1,5,0
11,0,1,2,21,3,38,0
21,1,1,2,6,1,6,0
16,1,1,1,7,3,51,0
9,1,0,1,19,1,14,0
21,0,3,0,15,4,48,0
0,1,2,1,3,2,12,0
21,1,2,1,0,1,86,0
23,1,1,1,1,4,52,0
17,1,3,1,4,2,68,0
17,2,1,1,3,2,59,0
13,0,2,0,0,2,18,0
14,1,3,0,5,1,53,0
11,1,2,1,1,1,31,0
3,2,3,0,2,2,35,0
2,2,0,2,15,1,4,0
19,3,2,0,6,4,9,0
11,1,2,0,4,3,15,0
6,2,1,3,2,2,42,0
10,0,2,0,20,3,59,0
0,1,1,0,23,2,85,0
5,0,4,0,7,3,96,0
14,0,0,0,25,2,73,0
14,0,0,1,6,4,32,1
18,1,3,3,1,2,80,0
10,0,1,0,0,4,45,0
22,0,3,0,1,2,5,0
1,0,1,0,9,1,31,0
13,1,2,0,3,3,25,0
1,1,1,0,10,4,56,0
3,0,3,1,7,2,1,0
16,0,0,1,4,1,61,0
2,0,2,2,2,2,67,0
12,2,1,0,0,3,85,0
8,1,4,1,15,2,92,0
6,2,1,0,17,1,67,0
14,1,4,0,7,2,42,0
22,2,5,3,1,2,96,0
10,0,3,0,3,4,96,0
19,0,0,0,31,4,94,0
1,2,3,1,2,2,59,0
14,2,0,0,0,2,50,0
13,2,1,2,7,1,77,0
19,0,4,0,3,2,34,0
21,1,2,0,31,3,68,0
10,1,1,0,8,4,54,0
2,0,1,0,33,3,82,0
16,2,0,1,15,2,96,0
11,2,3,0,12,1,14,0
23,0,1,0,17,3,32,0
20,2,2,1,9,2,70,0
14,3,4,1,0,4,81,0
15,1,1,0,4,2,8,0
4,3,1,1,2,4,35,0
19,0,4,0,5,1,24,0
5,0,1,0,6,4,3,0
18,1,5,1,1,2,81,0
4,1,3,0,0,1,36,0
2,1,2,1,1,4,51,0
0,1,0,1,19,4,81,0
5,0,2,0,14,3,57,0
14,0,3,0,16,4,59,0
1,0,3,1,3,2,94,0
2,1,1,0,2,1,89,0
16,3,2,0,0,2,22,0
23,1,0,1,6,4,37,0
11,2,1,0,4,2,75,0
17,1,4,0,18,3,12,0
14,1,3,2,11,2,21,0
11,0,1,0,1,1,15,0
15,3,1,0,43,1,12,0
7,3,0,0,14,4,86,0
13,0,3,0,12,1,56,0
16,0,1,0,2,2,99,0
20,2,1,1,23,4,16,0
7,0,1,1,6,2,33,0
14,0,1,0,3,3,43,0
13,1,0,0,10,2,49,0
17,0,1,2,2,1,78,0
19,1,2,0,23,1,18,0
6,1,0,1,19,3,16,0
2,0,2,0,6,4,40,0
11,2,2,2,2,1,67,0
20,1,0,0,6,1,62,0
23,2,4,0,1,1,90,0
2,1,1,1,3,3,79,0
19,1,2,0,6,3,27,0
13,1,3,1,0,1,81,0
14,1,2,0,14,4,14,0
13,1,1,0,2,1,66,1
6,1,2,1,20,2,27,0
16,1,3,1,0,2,54,0
11,1,1,1,7,4,88,0
19,1,1,0,14,1,60,0
3,0,1,1,2,4,40,0
8,0,1,0,12,2,45,0
5,2,0,0,12,1,99,0
15,0,3,0,10,1,68,0
21,1,2,0,4,2,90,0
21,1,2,0,15,4,68,0
20,1,0,0,9,4,63,0
20,2,3,0,8,3,98,0
1,0,0,1,17,3,77,0
23,2,3,1,2,3,40,0
7,0,2,2,2,4,41,0
10,1,1,0,4,1,61,0
12,1,1,1,0,1,65,0
16,3,2,0,4,3,1,0
7,1,1,0,5,4,9,0
20,1,2,1,6,3,75,0
17,0,3,1,2,4,80,0
17,1,2,0,23,4,93,0
13,3,0,0,3,3,15,0
14,2,1,0,19,1,59,0
5,1,0,1,5,1,66,0
10,2,3,0,12,4,10,0
12,1,4,0,1,2,49,0
0,1,3,1,7,2,11,0
5,0,0,1,32,2,30,0
8,1,3,0,10,3,23,0
7,1,2,0,17,1,22,0
10,1,4,2,3,2,51,0
21,2,1,0,16,2,42,0
18,0,3,1,4,2,29,0
23,1,1,0,6,2,45,0
8,1,2,1,2,3,96,0
16,3,2,1,6,1,33,0
11,0,2,0,7,1,39,0
13,1,6,1,9,1,73,0
14,0,1,1,20,2,65,0
15,0,2,0,3,4,82,0
21,1,2,0,41,3,50,0
21,0,1,1,18,3,86,0
19,0,1,0,5,3,48,0
0,2,2,0,2,1,37,0
9,1,1,1,0,1,78,0
7,0,5,2,2,3,86,0
17,0,1,0,21,2,33,0
0,2,0,1,3,4,6,0
1,1,4,1,1,1,91,0
0,2,2,0,0,1,70,0
0,0,2,1,3,2,55,0
8,1,2,0,2,2,44,0
12,3,1,1,1,1,50,0
0,0,1,0,30,2,54,0
12,1,3,3,3,2,63,0
19,1,1,1,0,2,16,0
21,0,0,0,28,4,47,0
6,0,7,1,8,4,57,0
1,1,2,0,0,4,2,0
5,2,1,1,0,2,37,0
6,1,2,1,1,2,93,0
13,1,0,0,8,4,23,0
17,1,2,0,0,4,85,0
14,3,3,0,8,3,13,0
1,1,2,2,10,1,65,0
9,1,1,1,1,4,93,0
22,4,1,0,6,3,48,0
11,1,2,0,33,3,7,0
16,2,2,0,18,4,31,0
7,1,5,1,12,3,63,0
10,0,0,1,7,4,45,0
2,1,2,0,5,1,56,0
5,0,5,0,6,1,64,0
8,2,4,0,14,1,22,0
5,0,4,0,8,4,63,0
8,1,2,0,14,3,80,0
6,1,1,0,35,4,28,0
8,2,0,0,10,1,44,0
17,2,2,1,9,3,89,0
11,1,3,1,5,2,14,0
7,2,3,1,2,1,85,0
7,1,0,1,4,4,19,0
17,0,4,0,7,4,60,0
19,2,2,2,0,4,77,0
14,1,4,0,6,2,2,0
6,1,3,1,19,3,51,0
10,0,0,0,37,4,78,0
19,1,2,1,19,4,34,0
15,1,1,1,1,4,82,0
3,0,3,1,1,1,88,0
5,0,4,0,4,1,94,0
21,1,2,0,2,2,51,0
2,4,2,2,11,3,19,1
8,0,3,1,0,3,36,0
9,1,3,2,5,4,85,0
13,3,0,1,3,4,83,0
10,1,6,0,9,1,26,0
17,1,2,1,15,1,35,0
21,1,4,0,25,1,63,0
11,3,2,1,33,1,4,0
22,2,3,0,4,4,85,0
11,0,1,0,19,1,3,0
12,0,5,0,8,3,5,0
12,0,2,0,11,1,29,0
18,2,2,1,19,2,19,0
18,2,1,0,1,1,17,0
22,2,0,0,29,4,34,0
13,0,1,0,7,4,20,0
3,1,1,0,4,4,28,0
12,1,1,1,4,1,73,0
7,1,2,1,13,3,67,0
22,0,1,0,11,4,10,0
20,1,3,0,13,3,21,0
22,3,3,0,2,4,4,0
18,2,3,2,1,4,22,0
11,0,4,1,12,3,71,0
17,1,3,1,3,2,62,0
5,0,4,0,2,4,12,0
17,0,1,0,2,3,11,0
18,1,3,0,1,4,22,0
21,2,3,2,5,1,29,0
4,0,1,3,3,3,61,0
23,4,2,1,22,4,61,0
8,1,3,1,11,2,27,0
2,0,1,0,13,1,47,0
9,1,3,0,5,4,84,0
18,0,3,1,9,1,14,0
2,1,1,1,6,2,7,0
21,1,6,0,1,3,15,0
14,0,6,0,0,4,46,0
0,0,1,0,11,3,28,0
6,0,5,0,1,4,43,0
11,0,2,0,0,4,10,0
16,1,1,0,5,3,51,0
20,3,2,1,13,3,3,0
23,0,0,1,14,4,76,0
19,3,4,0,20,2,77,0
4,3,1,1,2,2,44,0
3,2,1,0,42,4,54,0
11,2,0,0,14,3,34,0
19,1,1,1,1,2,65,0
23,3,2,0,18,4,89,0
17,1,3,0,6,1,83,0
16,0,2,1,0,4,25,0
18,0,2,0,1,3,63,0
8,1,2,0,5,4,70,0
3,1,4,0,7,1,45,0
20,1,1,0,29,1,68,0
1,0,2,0,2,4,26,0
3,0,3,0,6,1,26,0
1,3,2,0,2,4,26,0
14,0,5,1,8,3,78,0
1,1,0,1,24,3,62,0
3,1,5,2,8,3,96,0
5,0,2,0,7,2,92,0
6,3,2,1,13,4,61,0
9,0,1,1,1,3,2,0
18,1,3,0,23,4,41,0
18,0,1,0,8,1,45,0
21,0,3,0,11,3,85,0
11,0,3,2,17,2,14,0
2,3,2,0,10,3,37,0
12,1,3,0,10,2,2,0
17,2,1,0,13,1,5,0
7,1,1,1,0,4,2,0
20,0,3,0,4,1,1,0
14,2,2,0,32,1,48,0
0,1,3,0,2,1,22,0
2,0,3,0,7,1,41,0
7,0,1,0,1,1,25,0
3,1,0,0,3,4,46,0
15,1,3,1,12,2,94,0
22,2,1,1,10,1,9,0
9,0,1,2,5,3,61,0
11,1,1,0,27,2,47,0
13,0,1,0,14,2,74,0
13,1,3,0,3,3,79,0
1,2,1,1,6,3,3,0
22,1,3,0,21,3,8,0
4,0,6,0,0,3,25,0
4,1,0,0,8,3,36,0
5,0,3,3,2,1,43,0
12,0,2,0,0,2,50,0
8,0,1,0,24,3,63,0
21,0,3,0,16,3,85,0
14,2,1,0,2,4,34,0
13,3,0,1,18,2,91,0
23,0,1,0,1,2,73,1
6,1,6,0,6,1,10,0
19,0,1,0,12,2,27,0
1,1,4,1,7,3,89,0
6,0,4,1,19,4,13,0
5,1,1,1,9,2,51,0
16,2,2,1,5,4,68,0
1,0,3,1,25,3,16,0
2,1,1,0,0,4,12,0
4,1,3,0,6,2,25,0
4,1,3,1,10,2,49,0
0,1,3,2,18,1,16,0
7,1,1,0,7,3,2,0
11,0,3,1,21,1,73,0
23,0,4,0,5,1,77,0
3,1,3,1,3,3,78,0
12,1,0,1,36,2,76,0
22,2,5,0,11,4,35,0
14,0,2,0,5,1,22,0
10,0,2,0,21,2,85,0
9,1,1,0,11,2,48,0
2,0,0,1,10,1,64,0
21,1,3,1,13,1,67,0
13,1,2,0,13,1,22,0
15,1,2,1,6,2,73,0
9,2,4,0,5,3,47,0
9,0,4,0,24,3,40,0
11,1,1,0,6,1,53,0
8,3,1,0,2,4,3,0
0,0,1,2,7,2,95,0
4,2,0,1,0,4,6,0
19,4,2,0,12,1,14,0
7,0,2,1,1,2,83,0
10,1,2,0,1,3,58,0
11,2,0,2,29,3,82,0
0,1,5,0,14,4,7,0
21,0,0,0,5,1,29,0
19,2,3,0,2,4,3,0
10,3,0,0,18,1,13,1
4,3,1,1,34,3,36,0
14,2,0,0,7,2,89,0
4,0,2,1,8,3,92,1
11,0,0,1,2,4,38,0
4,0,1,0,8,2,75,0
16,2,0,0,5,1,60,0
16,0,1,1,18,3,73,0
23,1,1,0,4,1,22,0
11,0,3,0,10,3,21,0
23,0,4,0,2,1,83,0
14,1,4,0,0,3,33,0
14,1,1,1,0,3,4,0
5,6,3,1,5,1,97,0
11,0,3,0,1,3,80,0
19,0,1,0,50,3,44,0
17,0,0,1,16,3,1,0
13,1,0,0,11,4,62,0
1,2,1,2,16,3,79,0
8,2,0,1,3,1,22,0
4,1,2,0,21,1,96,0
19,1,2,1,54,4,59,0
0,2,2,0,3,3,37,0
22,0,3,1,41,4,23,0
2,2,2,0,3,4,33,0
5,1,1,1,0,3,22,1
4,2,4,0,4,1,64,0
20,0,3,0,59,3,62,0
4,4,0,0,10,4,54,0
0,1,3,0,11,2,58,0
16,1,2,0,2,4,12,0
18,0,1,0,1,1,18,0
13,1,1,1,21,3,96,0
11,0,2,1,5,2,67,0
9,1,2,1,0,4,60,0
19,0,5,0,3,4,1,0
20,0,2,0,2,4,89,0
17,2,3,1,9,3,20,0
23,2,1,1,14,3,17,0
10,2,4,0,6,4,49,0
1,0,3,0,2,3,22,0
17,2,3,0,0,2,33,0
6,1,1,0,3,2,26,0
23,2,3,2,16,1,27,0
14,1,3,1,5,3,60,0
10,0,2,0,2,3,34,0
17,2,0,0,0,4,87,0
22,1,1,0,6,2,80,0
11,0,1,0,11,3,78,0
5,1,1,0,2,3,52,0
19,1,0,0,7,3,55,0
22,1,0,0,5,4,61,0
12,3,1,0,12,2,50,0
19,1,0,0,19,3,63,0
15,2,1,3,3,3,64,0
17,1,3,1,23,4,14,0
9,2,5,1,12,1,90,0
22,1,4,0,0,4,51,0
7,0,2,0,15,3,27,0
17,2,2,0,6,2,40,0
20,1,2,0,29,2,68,0
0,4,4,1,3,3,9,0
22,0,3,1,8,1,56,0
7,1,2,1,31,4,91,0
5,0,3,0,3,3,39,0
4,1,2,0,6,3,15,0
14,5,2,1,13,3,89,0
21,1,3,0,11,4,18,0
14,2,2,0,18,2,52,0
1,0,2,0,7,4,61,0
0,1,1,0,3,3,94,0
22,2,1,0,7,2,37,0
22,1,2,2,4,1,80,0
10,1,0,0,1,3,53,0
9,1,0,0,8,2,12,0
17,0,1,0,0,2,81,0
17,1,2,1,0,2,25,0
16,1,0,2,0,3,79,0
7,3,3,1,11,1,25,0
14,1,1,1,5,2,21,0
7,0,2,1,6,3,83,0
16,3,1,2,4,2,88,0
11,0,1,1,2,4,7,0
7,0,1,2,4,2,76,0
13,2,0,2,2,3,49,0
3,1,2,0,11,2,39,0
0,1,2,0,1,2,75,0
0,3,2,0,7,4,97,0
18,0,4,0,6,4,49,0
15,0,1,0,3,3,89,0
13,1,4,2,1,1,34,1
20,3,1,0,12,1,75,0
15,0,4,1,8,1,16,0
4,1,1,2,16,1,96,0
8,2,1,0,2,3,15,0
1,1,2,0,15,3,40,0
17,0,3,0,3,4,79,0
5,4,0,0,1,4,7,0
8,0,1,1,1,1,40,0
0,0,2,0,2,4,66,0
8,1,1,1,11,3,70,0
15,1,2,0,2,1,92,0
12,2,1,1,9,2,22,0
8,0,3,0,2,2,59,0
20,2,2,0,4,2,5,0
12,1,1,0,22,4,18,0
8,2,4,0,6,1,11,0
10,2,0,0,9,2,8,0
3,0,1,0,2,1,20,0
1,1,3,0,1,3,75,0
5,0,2,0,5,2,59,0
13,2,3,1,19,2,91,0
3,0,2,1,2,2,93,1
5,0,0,0,9,3,25,0
18,1,1,1,20,1,58,0
5,0,2,1,27,2,19,0
1,0,1,0,50,2,2,0
17,1,5,5,14,1,58,0
12,1,0,0,0,4,66,0
8,0,0,1,20,4,7,0
22,1,4,0,21,2,51,0
18,1,1,1,8,2,95,0
12,1,0,1,0,4,33,0
10,0,4,0,6,4,75,1
0,2,1,2,2,2,13,0
23,1,3,0,5,1,10,0
21,2,2,1,12,4,59,0
6,2,1,0,11,2,38,0
20,2,3,0,15,3,20,0
14,2,0,0,6,1,85,0
0,1,2,0,7,2,14,0
11,2,1,0,27,3,88,0
6,1,4,0,9,4,40,0
14,0,1,0,13,3,7,0
20,1,2,0,10,3,69,0
18,1,1,1,10,3,6,0
0,2,1,0,24,4,40,0
16,3,2,0,4,3,53,0
16,0,1,0,5,4,99,0
2,0,1,1,4,2,9,0
11,4,4,1,14,3,65,0
5,3,2,1,20,1,20,0
10,2,1,2,4,2,6,0
2,1,4,0,1,4,96,0
7,2,2,0,6,2,77,0
13,2,2,0,41,3,39,0
13,0,0,2,2,4,21,0
9,1,2,0,6,3,37,0
1,0,1,1,3,2,12,0
13,1,2,0,25,1,70,0
8,1,4,0,8,2,15,1
2,1,2,2,8,2,21,0
20,3,0,0,0,3,85,0
7,0,0,0,10,1,92,0
15,2,3,0,3,3,81,0
1,0,0,1,7,3,46,0
5,1,2,0,7,3,71,0
20,1,2,0,8,4,87,0
11,2,3,0,17,3,86,0
4,2,1,1,3,1,10,0
1,1,2,0,2,3,82,0
15,1,5,1,15,3,66,0
4,0,2,0,12,1,76,0
14,1,1,0,2,2,39,0
11,1,0,0,0,3,22,0
3,2,2,1,10,2,86,0
14,2,0,0,1,3,42,0
10,1,3,1,31,3,86,0
15,1,0,1,9,4,6,0
22,1,4,0,18,1,52,0
5,1,2,0,16,1,37,0
13,1,0,0,8,2,84,0
17,0,3,0,5,4,6,0
11,2,1,0,6,3,73,0
10,1,5,0,16,4,29,1
12,1,1,0,10,1,69,0
20,2,1,0,2,3,51,0
22,1,2,0,9,3,77,0
10,1,1,0,5,2,27,0
22,1,2,0,0,4,87,0
15,2,2,0,4,3,37,0
14,1,2,1,2,1,46,0
20,2,2,0,18,2,98,0
14,0,2,0,1,1,25,0
3,0,9,0,4,2,37,0
10,1,2,1,11,4,23,0
18,1,1,0,22,2,92,0
14,2,3,0,4,4,26,0
3,2,0,1,9,4,76,0
20,0,3,1,4,3,52,0
12,2,2,0,2,4,3,0
21,1,1,0,3,2,73,0
18,1,2,0,10,2,79,0
1,1,3,0,12,3,72,0
13,1,1,0,4,2,28,0
3,1,1,0,1,4,90,0
15,1,3,0,1,2,80,0
20,1,1,0,16,1,34,0
19,1,1,0,10,1,84,0
13,0,2,0,13,3,65,0
14,1,4,0,6,4,88,0
2,2,5,0,6,2,29,0
7,1,0,0,2,3,4,0
15,0,2,1,1,3,68,0
9,2,1,2,1,4,62,0
3,0,5,0,48,3,38,0
17,0,3,1,17,1,67,0
1,0,4,1,9,3,2,0
16,1,3,1,2,2,93,0
12,3,8,0,4,1,92,0
3,2,2,1,4,1,76,0
10,1,3,1,6,1,44,0
6,1,2,0,5,2,79,0
11,2,6,2,27,4,95,0
9,0,2,0,12,3,32,0
6,0,2,0,0,3,86,0
12,1,1,0,4,1,3,1
6,1,3,0,1,1,17,0
23,0,2,2,3,3,93,0
16,1,2,0,31,2,12,0
9,1,3,0,12,1,64,0
9,1,3,1,0,1,63,0
23,0,3,0,3,2,78,0
3,2,1,0,5,4,72,0
19,1,3,0,9,1,41,0
3,0,6,1,6,4,2,0
21,0,3,1,0,2,53,0
6,5,1,1,7,3,34,0
21,0,1,2,1,3,88,0
0,0,2,1,7,4,84,0
11,4,1,0,2,1,74,0
23,1,1,0,1,3,40,0
12,2,0,0,3,2,71,0
9,2,1,0,1,1,65,0
14,0,3,1,3,4,55,0
12,3,2,0,20,4,74,0
22,0,3,1,3,4,51,0
21,0,3,1,6,4,5,0
21,0,2,0,7,2,56,0
20,0,1,0,1,3,21,0
21,1,1,2,5,4,58,0
8,1,2,0,19,3,73,0
8,0,0,1,0,3,93,0
14,3,2,0,25,4,31,0
9,0,3,0,20,1,46,0
23,1,3,1,19,4,27,0
9,1,5,0,2,2,70,0
7,1,2,0,6,1,31,0
23,3,2,1,9,4,41,0
15,2,1,1,1,3,45,0
16,0,1,0,8,3,36,0
4,2,0,1,18,1,2,0
3,0,3,2,27,2,62,0
17,1,5,0,3,3,21,0
23,1,0,3,3,2,34,1
18,1,4,0,3,3,86,1
3,1,3,1,1,1,13,0
6,2,1,0,5,4,19,0
9,1,0,1,15,3,33,0
17,0,5,1,12,1,49,0
18,1,4,0,23,1,3,0
3,1,2,0,4,4,38,0
9,0,3,0,8,4,83,0
0,0,2,0,14,1,71,0
22,1,3,0,22,3,15,0
17,1,2,1,20,2,38,0
4,0,2,0,6,2,25,1
14,2,3,0,23,4,61,0
16,1,2,1,5,3,86,0
2,4,1,0,23,1,87,0
11,2,2,0,15,2,50,0
1,3,1,0,2,2,10,0
0,2,1,1,26,3,50,0
22,1,1,0,2,1,42,0
20,1,2,1,23,4,71,0
16,3,2,0,9,2,52,0
21,0,1,1,11,3,46,0
15,0,2,0,1,4,89,0
4,1,3,1,0,3,40,0
14,1,3,2,34,1,58,0
2,1,0,0,4,3,24,0
6,1,2,0,18,4,69,0
10,0,0,1,12,1,85,0
9,0,2,1,9,2,40,0
8,1,1,1,11,4,20,0
13,0,1,0,0,3,29,0
12,0,2,1,5,2,37,0
1,1,0,0,9,1,20,0
2,0,1,1,20,4,18,1
6,0,3,1,12,1,4,0
20,2,2,0,2,1,11,0
17,2,3,0,41,3,64,0
2,3,2,0,10,3,86,0
9,1,3,1,6,3,52,0
21,1,1,0,15,2,43,0
6,0,0,0,9,2,14,0
8,1,2,1,12,3,45,0
16,1,2,0,9,2,28,0
10,0,2,1,1,4,4,0
6,2,2,2,7,1,16,0
23,0,3,1,3,3,38,0
13,0,3,1,8,1,63,0
18,2,3,1,1,1,23,0
3,3,2,0,2,1,77,0
5,0,2,2,16,4,20,0
9,2,2,0,5,4,69,0
6,1,1,2,11,2,83,0
12,1,2,0,6,1,21,0
13,1,1,1,4,2,42,0
3,4,2,0,6,1,69,0
7,1,1,1,16,3,14,0
4,0,4,0,3,1,70,0
0,0,3,1,5,1,5,0
3,0,5,0,2,4,24,0
2,1,2,0,4,3,93,0
8,1,4,0,21,2,29,0
7,1,3,0,15,3,2,0
0,1,2,0,4,4,6,0
5,0,0,2,1,4,34,0
8,2,1,0,5,1,76,0
6,1,0,0,14,4,22,0
3,1,0,1,0,4,4,0
12,2,5,1,13,1,6,0
16,0,2,1,11,4,67,0
1,1,5,1,0,4,77,0
4,0,0,0,10,2,63,0
11,1,1,1,3,1,87,0
20,1,3,1,1,1,99,0
7,1,0,0,4,2,90,0
5,1,2,0,2,2,73,0
7,2,3,0,17,2,87,0
17,1,3,1,13,2,68,0
2,1,3,1,39,1,34,0
21,0,3,0,7,2,72,0
11,1,0,0,0,2,34,0
2,3,1,0,4,4,57,0
21,0,1,0,18,1,37,0
5,3,0,0,5,2,6,0
1,0,2,0,6,4,71,0
22,0,3,1,5,1,45,0
11,1,1,0,2,2,41,1
1,0,2,1,0,2,5,0
5,0,0,0,1,4,60,0
16,0,3,0,4,3,67,0
2,2,2,0,2,1,17,0
1,0,1,0,8,4,83,0
22,0,3,0,9,2,65,0
19,0,1,0,8,3,55,0
7,0,2,0,0,3,9,0
21,1,2,0,10,4,4,1
11,0,1,0,4,4,42,0
3,0,3,0,21,4,46,0
4,2,0,0,7,1,74,0
12,2,2,1,0,3,96,0
14,1,2,1,0,1,1,0
22,1,3,1,12,3,87,0
15,2,1,0,5,1,17,0
9,6,2,0,3,4,94,0
22,0,1,0,5,2,91,0
15,4,4,0,0,4,79,0
11,0,2,2,4,1,7,0
16,0,3,0,3,4,97,0
15,0,1,0,16,3,5,0
11,0,1,1,1,1,52,0
7,3,5,0,14,4,98,0
19,0,2,1,6,4,53,0
2,0,2,0,0,2,3,0
15,1,1,0,34,2,62,0
12,0,2,2,13,4,32,0
22,1,2,0,3,3,2,0
18,1,1,0,8,3,80,0
7,0,3,1,23,3,81,0
21,0,1,0,26,4,53,0
4,0,3,0,13,2,12,0
19,2,1,0,13,4,5,0
7,1,2,0,3,2,4,0
23,1,0,0,45,3,56,0
11,1,2,0,2,2,80,0
0,2,4,1,0,4,82,1
20,0,0,0,37,4,64,0
19,1,1,1,1,4,45,0
5,0,3,0,7,2,60,0
21,0,1,0,6,3,20,0
17,0,4,1,18,4,53,0
7,0,0,0,5,4,73,0
6,1,2,2,6,2,16,0
0,1,2,1,0,3,99,0
20,0,1,0,2,2,93,0
15,1,1,0,17,1,30,0
11,2,4,1,6,1,20,0
5,2,3,0,2,4,86,0
19,2,4,0,4,2,87,0
1,0,1,0,3,2,52,0
13,0,3,1,8,4,36,0
3,1,2,0,0,1,22,0
0,0,1,0,2,3,1,0
22,0,2,0,4,3,21,0
17,3,0,0,26,1,48,1
12,3,2,1,9,4,83,0
1,1,3,0,7,4,72,0
8,0,2,0,2,3,5,0
20,2,3,1,8,3,40,0
1,2,0,1,26,1,93,0
8,0,3,0,8,1,82,0
0,1,2,0,1,2,93,0
10,0,2,1,58,1,79,0
2,0,3,0,6,1,45,0
19,3,1,0,3,3,31,0
22,3,6,1,6,3,15,0
3,3,0,2,3,2,58,0
17,0,2,1,0,3,53,0
22,0,2,3,22,3,45,0
5,0,1,1,5,3,67,0
2,0,1,0,13,1,42,0
21,0,1,0,35,3,97,0
10,0,3,0,10,4,24,0
14,2,0,1,11,1,38,0
21,2,5,2,28,3,51,0
4,1,0,2,7,1,24,0
19,0,2,0,3,3,77,0
9,1,1,0,25,2,91,0
11,1,0,0,0,2,33,0
14,0,3,0,2,2,19,0
16,0,1,1,4,3,25,0
9,0,1,0,15,2,70,0
5,1,2,0,23,1,97,1
17,0,2,0,6,2,89,0
12,0,1,1,3,2,87,0
2,0,2,1,4,2,49,0
23,0,3,0,10,2,17,0
9,1,0,0,1,1,21,0
13,2,2,1,7,4,43,0
5,2,2,0,8,2,84,0
2,2,1,0,12,3,76,0
15,0,1,0,9,4,77,0
6,2,1,0,1,2,82,0
19,2,2,1,11,4,22,0
13,0,3,0,0,3,63,0
8,2,0,0,4,3,24,0
14,3,2,0,5,2,33,0
20,1,4,2,1,2,67,0
2,1,0,0,0,3,81,0
1,1,2,2,0,1,96,0
1,0,3,0,5,4,17,0
2,1,2,1,2,1,48,0
17,0,5,0,0,2,44,0
13,0,1,0,2,1,25,0
19,1,4,1,7,1,72,0
17,2,5,1,13,4,99,0
9,1,4,1,5,2,60,0
1,2,2,1,9,4,29,0
21,2,2,0,9,3,12,0
0,0,1,0,22,4,9,0
3,1,0,1,1,4,90,1
13,0,3,1,6,3,86,0
0,1,2,0,9,1,53,0
13,0,2,0,7,4,61,0
15,2,2,0,5,3,31,0
21,2,2,0,36,2,48,0
13,0,0,1,28,1,94,0
19,0,0,0,9,3,79,0
2,1,1,0,5,1,47,0
2,5,1,0,14,3,33,0
8,0,5,0,7,4,67,0
5,1,0,1,54,1,98,0
12,1,3,1,11,4,64,0
20,2,2,0,0,3,17,0
1,0,2,0,5,4,44,0
7,1,0,0,13,4,5,0
20,1,2,0,18,3,94,0
1,1,3,1,16,4,62,0
3,0,2,1,37,4,63,0
14,1,1,0,6,4,79,0
3,0,2,1,1,2,39,0
12,0,7,1,10,2,72,0
11,2,0,1,0,2,42,0
12,1,6,0,36,1,92,0
13,1,4,1,14,4,21,0
19,1,1,1,40,4,47,0
17,1,0,0,4,4,74,0
5,0,2,0,0,1,28,0
10,0,1,1,7,1,21,0
1,4,0,2,1,3,28,0
22,1,1,0,11,4,86,0
18,1,6,0,6,3,19,0
18,3,1,0,14,3,63,0
4,2,1,0,3,1,52,0
18,0,3,0,17,2,38,0
1,2,3,0,10,1,46,0
9,0,0,0,43,1,24,0
1,0,1,2,1,2,92,0
10,0,0,1,0,2,45,0
17,3,0,0,19,1,77,0
23,1,3,0,4,4,9,0
14,1,3,0,5,3,9,0
8,0,1,0,25,4,21,0
22,1,1,0,5,3,24,0
18,0,3,1,3,4,95,0
8,0,3,1,0,2,64,0
2,1,2,0,5,4,93,0
20,1,3,0,10,1,40,1
8,4,1,0,3,3,74,0
13,0,2,0,12,3,52,0
18,1,4,0,6,4,4,0
6,0,0,0,19,2,3,0
15,2,2,0,1,1,13,0
15,3,2,0,14,2,21,0
0,0,4,0,26,1,8,0
3,0,2,0,13,1,73,0
3,3,4,1,5,1,1,0
6,1,2,0,2,4,14,0
7,0,1,1,1,1,76,0
16,1,1,0,10,1,36,0
4,0,0,0,1,1,22,0
6,0,1,2,18,3,36,0
19,0,4,1,32,3,45,0
19,2,2,0,1,4,16,0
3,0,0,1,4,4,11,0
5,1,2,0,27,3,67,0
6,1,3,1,6,3,98,0
17,2,2,1,7,1,25,0
4,1,1,1,13,3,90,0
19,1,3,0,2,4,67,0
2,0,3,1,38,4,84,0
6,0,3,0,15,1,31,0
21,4,1,0,1,2,65,0
13,2,2,0,1,2,90,0
6,3,1,0,27,3,89,0
4,2,0,1,11,1,11,0
21,0,0,0,0,3,80,0
4,0,3,1,1,1,84,0
22,2,4,2,0,3,38,0
1,0,4,1,36,4,2,0
20,0,2,2,6,4,54,0
21,1,1,3,6,2,93,0
5,3,2,1,31,2,7,0
14,0,2,0,7,3,49,0
20,1,0,1,7,4,40,0
9,0,3,1,41,3,45,0
22,2,1,1,1,4,54,0
23,0,1,1,42,1,89,0
6,0,1,0,1,4,61,0
4,1,2,0,6,2,4,0
0,0,2,1,4,4,34,0
12,1,2,0,31,3,89,0
20,0,2,1,6,1,8,0
17,0,1,1,0,2,32,0
12,0,3,1,2,1,18,0
20,0,2,0,5,2,40,0
20,0,0,0,11,2,75,0
17,1,0,1,8,1,56,0
4,2,3,0,18,1,37,0
12,0,1,1,17,4,55,0
3,0,2,1,8,4,36,0
16,2,2,0,8,2,10,0
2,0,1,1,3,4,70,0
16,1,3,0,31,4,80,0
10,0,1,0,0,2,89,0
20,1,2,1,5,4,63,0
19,2,5,0,10,1,34,0
22,2,3,1,29,3,95,0
20,0,4,1,6,1,72,0
3,1,4,0,22,3,17,0
1,1,1,1,1,1,61,0
19,1,0,1,7,3,78,0
15,1,2,0,3,3,94,0
17,3,2,0,15,4,18,0
7,0,0,0,5,2,61,0
2,3,3,1,6,1,36,0
8,2,2,0,0,4,85,0
19,0,2,0,5,1,53,0
5,1,2,0,0,1,95,0
9,0,2,0,3,3,33,0
20,4,1,1,1,3,23,0
9,3,2,0,4,2,64,0
12,1,1,0,2,3,38,0
16,1,1,1,3,1,69,0
8,1,0,0,1,3,79,1
16,2,5,0,5,4,30,0
23,3,2,1,6,4,16,0
8,0,4,0,18,3,54,0
8,1,1,0,7,2,59,0
0,1,2,0,2,3,93,0
1,3,3,1,13,4,92,0
15,3,2,0,3,1,6,0
0,0,1,0,14,1,5,0
9,1,4,0,4,1,89,0
17,0,1,0,7,4,92,0
7,0,1,1,7,4,1,0
20,1,3,0,31,1,14,0
10,0,1,0,1,2,83,0
22,0,2,2,27,2,31,0
1,1,2,0,8,1,51,0
7,0,0,1,50,1,79,0
21,1,4,0,8,4,19,0
7,3,1,1,10,3,32,0
16,1,1,0,13,4,57,0
14,1,1,1,17,3,31,0
16,1,2,1,6,3,58,0
22,0,3,1,11,3,26,0
23,1,1,1,9,3,48,0
12,0,1,0,5,1,41,0
18,0,1,0,17,3,25,0
4,1,1,1,2,3,47,0
11,2,1,1,1,3,54,0
0,0,6,1,13,4,57,0
22,2,1,0,10,4,72,0
4,4,4,0,3,4,61,0
7,1,3,0,10,2,4,0
12,4,3,0,14,4,31,0
7,0,2,1,2,2,96,0
22,0,1,1,8,4,98,0
10,3,1,0,17,2,67,0
0,3,2,1,5,4,41,0
12,1,3,1,8,1,26,0
18,1,0,0,0,4,68,0
23,0,0,0,17,2,66,1
2,3,3,0,15,3,19,0
23,1,3,0,6,4,87,0
16,0,1,0,1,3,25,0
4,1,2,0,10,3,47,0
19,0,2,0,8,4,71,0
20,0,3,1,25,4,8,0
7,0,0,1,3,1,3,0
13,1,1,1,0,2,87,0
3,2,2,0,2,4,33,0
10,3,3,0,5,2,28,0
19,2,2,0,1,4,22,0
14,0,4,1,38,3,99,0
18,1,1,2,2,3,98,0
6,1,1,0,11,4,30,0
18,0,1,1,6,2,47,0
18,1,3,2,8,2,36,0
10,0,2,2,26,3,59,0
4,1,5,0,7,2,14,0
4,0,3,0,3,2,73,0
21,0,1,2,2,1,86,0
7,3,4,0,22,3,92,0
9,0,1,0,43,2,14,0
5,2,1,1,2,1,79,0
14,0,1,1,12,4,56,0
15,0,0,0,7,1,24,0
16,1,1,3,11,1,98,0
7,1,3,0,33,1,49,0
7,0,6,1,3,1,43,0
8,1,4,0,13,1,3,0
1,0,4,1,5,1,23,0
14,0,2,0,10,4,20,0
17,0,2,0,5,4,15,0
2,0,1,2,12,3,43,0
16,0,2,0,4,3,80,0
3,2,1,1,6,4,71,0
3,0,3,0,12,4,33,0
13,0,2,0,0,3,55,0
8,0,2,0,3,1,83,0
8,1,4,0,7,2,82,0
22,0,3,1,0,1,41,0
17,2,1,2,12,4,18,0
9,0,2,0,16,3,3,0
20,2,3,2,1,3,3,0
3,0,5,0,13,1,16,0
11,1,2,0,10,3,43,0
7,2,1,0,5,4,23,0
1,0,1,0,1,4,87,0
21,1,2,0,30,2,15,0
12,0,0,0,6,4,73,0
20,1,2,0,2,2,58,0
15,1,3,3,12,2,40,0
1,1,1,0,9,1,38,0
10,2,1,1,16,3,82,0
9,1,0,0,55,4,6,0
14,2,0,0,0,3,46,0
16,0,2,1,13,2,6,0
7,1,2,0,45,4,85,0
17,2,0,0,7,3,94,0
22,0,2,1,12,4,92,0
8,2,5,1,5,1,20,0
7,0,3,0,4,4,19,0
13,1,3,0,11,2,14,0
17,0,5,0,44,4,65,0
21,0,2,2,0,1,91,0
19,0,5,0,5,1,96,0
19,2,1,0,28,3,29,0
20,0,2,1,1,1,31,0
11,1,3,0,10,2,25,0
18,0,0,0,5,1,71,0
13,3,2,0,4,3,46,0
16,1,2,0,2,1,52,0
23,1,3,0,1,1,16,0
20,4,4,0,7,4,11,0
2,0,5,2,4,3,18,0
22,1,2,0,6,4,56,0
6,2,1,1,2,3,56,0
16,0,3,0,4,3,57,0
11,2,3,0,56,3,69,0
8,2,3,1,4,3,66,0
14,4,4,0,5,3,74,0
17,0,2,1,0,3,90,0
20,0,2,2,4,1,88,0
12,0,0,1,14,1,90,0
20,1,2,1,7,1,16,0
7,0,1,0,10,2,89,0
13,1,3,0,8,3,6,0
7,1,2,0,1,1,52,0
13,1,3,1,4,3,55,0
6,0,4,0,11,4,76,0
22,2,1,1,7,2,73,0
11,0,2,0,11,3,49,0
10,0,2,2,4,1,72,0
21,0,1,0,2,2,56,0
21,0,3,1,17,4,95,0
10,2,3,0,4,3,41,0
21,0,2,0,10,2,96,0
12,0,1,0,4,3,71,0
17,1,3,0,26,2,96,0
1,0,4,1,48,1,56,0
20,1,2,1,10,3,89,0
14,1,3,0,9,3,97,0
19,3,0,0,18,3,63,0
17,3,2,1,7,1,28,0
14,1,2,0,20,2,75,0
18,2,2,2,5,1,31,0
22,0,1,0,0,4,55,0
23,1,1,1,26,4,52,0
11,0,3,1,12,4,74,0
12,0,2,0,7,2,66,0
21,0,1,1,28,3,46,0
10,1,1,2,21,2,4,0
4,1,0,0,1,4,22,0
0,2,1,0,9,2,45,0
23,0,3,0,7,3,28,0
2,1,2,0,14,3,10,0
21,0,0,1,3,2,66,0
18,3,1,0,0,4,49,0
22,1,3,0,2,3,95,0
6,3,1,0,2,4,87,0
11,1,4,0,3,3,80,0
14,0,2,1,4,4,73,0
4,1,3,0,12,2,51,0
14,3,1,0,0,1,43,0
7,2,2,0,6,1,6,0
9,1,2,0,6,4,25,0
15,2,0,0,9,3,4,0
7,0,4,3,3,2,76,0
0,0,3,0,3,3,24,0
11,2,3,0,6,1,56,0
4,1,1,0,10,1,91,0
2,2,2,1,0,2,55,0
0,1,3,1,3,4,54,0
3,3,3,1,15,2,3,0
7,1,2,0,6,1,76,1
2,2,2,1,30,2,47,0
9,0,1,1,20,1,30,1
1,2,3,1,4,3,76,0
10,1,2,0,12,1,41,0
9,0,2,1,3,1,55,0
20,0,3,0,1,2,59,0
13,2,1,2,21,2,40,0
6,1,3,0,4,2,45,0
1,0,0,1,2,3,22,0
8,0,3,1,33,2,15,0
15,2,3,0,0,3,92,0
12,2,3,0,4,4,17,0
8,2,3,0,0,2,59,0
19,0,3,0,7,2,25,1
3,2,2,0,5,4,43,0
21,1,0,0,12,4,64,0
9,2,4,0,30,4,51,0
21,1,2,2,7,1,61,0
11,0,3,2,3,1,45,0
16,0,2,0,20,1,3,0
13,0,0,0,9,4,36,0
13,1,3,0,8,3,95,0
1,1,2,0,2,2,79,0
20,2,2,0,0,1,64,0
19,1,1,0,6,4,28,0
10,1,2,0,7,2,95,0
15,1,4,0,1,1,45,0
18,1,2,0,0,4,84,0
22,3,0,0,2,2,21,0
5,0,1,0,0,1,27,0
23,2,1,0,0,1,83,0
18,0,2,1,5,1,76,0
4,2,2,0,16,1,35,0
3,3,4,2,10,1,48,0
14,1,6,0,11,4,97,0
3,1,2,0,3,2,23,0
19,1,2,0,0,1,64,0
9,1,1,0,5,2,13,0
23,1,0,0,4,1,30,0
21,3,2,1,29,4,74,0
2,0,1,0,0,4,20,0
4,4,2,0,14,2,6,0
5,1,3,1,4,1,95,0
20,3,2,0,17,4,19,0
21,1,1,0,6,1,67,0
7,0,3,0,17,1,74,0
6,2,2,0,6,3,10,0
20,2,1,1,5,4,56,0
9,2,5,0,33,2,21,0
5,0,3,0,4,2,56,0
13,0,2,1,16,1,57,0
3,0,1,1,0,1,2,0
12,0,3,0,0,1,39,0
19,2,1,1,5,3,61,0
16,1,2,0,8,1,45,0
22,2,1,0,9,1,94,0
6,0,2,0,0,2,28,0
3,1,1,0,11,3,18,0
13,1,2,0,1,2,14,0
2,1,3,0,31,3,55,0
23,1,2,0,4,3,59,0
4,4,1,0,3,4,19,0
15,2,4,0,3,4,41,0
22,2,3,1,27,4,12,0
19,0,0,1,6,2,20,0
3,2,1,0,5,4,34,0
23,1,0,1,8,4,36,0
23,2,1,0,26,2,21,0
1,0,2,0,3,3,56,0
17,0,4,0,1,3,83,0
18,1,1,0,9,1,41,0
18,1,2,0,6,1,41,1
16,2,4,0,0,4,43,0
13,2,2,1,7,2,99,0
18,0,2,0,8,3,72,0
21,1,2,1,11,2,86,0
23,0,5,0,54,1,38,0
12,0,2,1,5,4,18,0
11,1,0,1,7,1,8,0
5,1,3,0,0,1,66,0
20,0,4,0,17,3,20,0
3,1,3,0,1,2,69,0
18,1,2,2,27,3,57,0
15,0,2,0,4,3,94,0
12,0,5,2,4,1,18,0
3,1,2,2,3,4,60,0
22,2,3,0,30,1,87,0
16,1,4,1,39,2,2,0
22,1,2,1,36,4,42,0
0,0,1,1,12,3,64,0
17,0,3,0,1,2,44,0
19,0,2,0,4,2,51,0
16,0,1,0,3,2,96,0
14,1,2,2,12,2,65,0
10,1,1,0,6,1,65,0
21,0,3,0,9,2,54,0
12,3,2,0,0,1,95,0
0,2,1,2,15,4,39,0
16,2,3,0,30,2,8,0
5,1,1,1,11,1,67,0
3,1,1,0,19,2,76,0
19,2,2,0,6,4,98,0
15,0,3,0,0,3,49,0
14,2,2,0,46,4,89,0
14,0,4,1,0,3,36,0
5,2,2,1,2,1,7,0
14,2,1,1,0,4,15,0
13,1,5,0,9,1,85,0
10,2,2,0,8,4,25,0
6,1,3,1,2,2,57,0
8,2,4,1,31,3,38,0
15,1,0,0,24,2,37,0
4,0,1,0,3,1,16,0
19,0,1,0,10,2,1,0
9,0,1,0,19,3,47,0
17,1,0,1,4,3,52,0
2,0,1,1,2,3,37,0
12,1,1,0,2,3,45,0
10,1,2,0,17,3,14,0
16,0,0,0,6,1,57,0
21,1,3,2,12,2,34,0
12,2,3,1,10,4,66,0
5,0,2,0,3,2,31,0
16,1,3,1,2,2,83,0
12,0,1,0,1,1,83,0
18,2,0,0,0,1,44,0
20,2,1,0,0,1,23,0
18,2,2,1,2,1,94,0
9,1,0,0,12,2,81,0
2,0,1,0,1,3,66,0
13,1,1,0,7,3,11,0
18,0,4,1,2,1,49,0
4,0,1,0,7,4,78,0
4,2,2,0,13,2,58,1
19,1,4,0,3,2,29,0
16,0,4,0,4,4,83,0
20,2,0,1,12,1,92,0
9,0,2,0,7,2,51,0
4,3,0,1,0,4,1,0
3,4,2,0,14,3,5,0
5,3,1,0,3,4,34,0
3,1,3,0,4,4,78,0
6,2,0,0,2,1,19,0
6,1,2,0,7,2,88,0
17,2,3,0,12,4,40,0
2,1,3,0,16,2,81,0
0,0,3,1,25,2,66,0
23,1,2,0,4,1,95,0
3,0,1,0,26,3,81,0
5,0,2,0,9,2,64,0
8,0,0,0,4,1,72,0
21,2,2,0,21,1,17,0
13,1,2,1,8,4,38,0
11,0,2,0,6,2,90,0
19,2,1,0,0,1,43,0
23,1,3,2,12,3,40,0
3,2,3,0,0,4,45,0
20,0,4,2,3,3,40,0
23,1,1,0,32,1,71,0
11,2,2,3,1,4,88,1
9,2,1,1,3,2,94,0
21,1,1,0,26,4,90,0
6,1,3,2,4,4,30,0
2,1,2,2,3,3,35,0
22,1,4,2,10,2,66,0
13,0,4,0,1,1,44,0
23,2,1,0,36,3,4,0
9,2,4,3,3,2,64,0
15,1,5,2,15,1,5,0
15,2,1,1,3,4,48,0
21,1,3,1,3,2,66,0
9,1,3,1,0,3,95,0
12,1,2,0,1,1,27,0
5,1,1,1,7,1,24,0
11,1,2,0,8,2,56,0
8,1,2,0,16,2,45,0
12,0,3,0,0,4,68,0
3,2,0,1,4,1,28,0
23,0,3,0,2,4,5,0
10,2,1,1,4,4,91,0
19,1,2,0,4,3,47,0
17,2,0,1,4,3,5,0
10,2,0,0,3,2,5,0
20,2,3,1,14,2,48,0
3,0,2,0,11,2,73,0
17,0,1,0,4,3,47,0
0,3,2,1,1,4,62,0
6,3,0,0,7,4,27,0
5,0,2,2,25,3,4,0
14,2,3,0,1,2,49,0
17,1,2,0,13,2,88,0
23,2,2,0,9,4,91,0
10,1,3,1,8,1,65,0
19,0,2,0,27,1,96,0
23,1,3,1,31,1,80,0
14,0,1,1,2,1,87,0
15,0,0,0,16,2,92,0
6,0,2,1,9,3,61,0
20,0,2,0,5,3,20,0
9,0,1,1,10,1,81,0
11,1,4,0,31,3,8,0
23,1,0,1,7,4,82,0
13,0,1,2,28,1,13,1
4,0,4,2,10,2,73,0
20,3,2,1,6,1,37,0
17,1,2,0,10,4,94,0
4,0,2,0,9,3,43,0
2,1,0,0,5,3,92,0
22,1,1,0,8,3,56,0
4,2,1,0,12,2,50,0
23,0,3,1,18,1,82,0
16,0,2,0,3,2,20,0
18,1,1,0,0,4,48,0
18,2,4,1,8,2,19,0
20,2,3,1,6,1,69,0
11,0,1,0,0,3,98,0
8,1,4,0,10,3,17,0
0,1,4,0,28,3,28,0
17,1,1,0,5,3,36,0
20,1,2,0,22,2,38,0
3,0,2,0,16,1,94,0
9,0,3,1,1,1,82,0
6,2,1,0,15,1,70,0
21,1,2,1,7,2,26,0
22,0,2,0,25,3,79,0
0,2,3,1,2,3,1,0
16,1,1,0,1,1,81,0
23,1,0,0,2,3,95,0
1,1,1,1,0,2,2,0
10,0,1,0,3,4,36,0
8,2,1,1,3,3,56,0
6,1,2,0,5,4,35,0
21,1,1,1,6,4,27,0
16,0,1,0,1,4,67,0
16,0,7,0,9,3,56,0
1,2,0,2,2,4,46,0
5,0,1,1,1,3,20,0
13,1,5,1,12,1,8,0
5,1,4,1,0,2,93,0
1,0,3,1,4,4,72,0
0,1,1,0,1,4,91,0
9,0,1,1,21,1,26,0
20,0,3,3,17,2,74,0
4,1,4,0,0,1,62,0
1,1,0,0,7,2,94,0
21,1,1,2,3,4,33,0
15,2,2,1,2,2,61,0
1,0,2,1,3,1,20,0
9,0,2,0,16,4,68,0
1,1,1,0,0,1,87,0
15,0,1,0,10,4,29,0
15,4,1,1,24,3,46,0
18,0,3,2,5,4,96,0
6,0,6,1,23,2,37,0
21,1,4,1,23,2,90,0
11,1,3,1,9,2,53,0
23,0,1,1,6,2,5,0
14,1,6,0,13,2,88,0
7,0,2,0,24,3,66,0
5,1,2,0,11,4,15,0
9,0,0,0,2,4,46,0
2,0,4,1,17,3,57,0
18,3,3,2,30,3,8,0
16,0,1,0,5,2,37,0
6,2,5,1,11,1,57,0
20,0,2,0,7,1,14,0
19,2,1,0,1,2,5,0
3,0,1,1,4,3,73,0
13,0,0,0,1,4,86,0
19,0,3,0,11,1,43,1
21,2,3,0,8,1,49,0
14,0,2,0,0,3,44,0
23,0,3,1,0,2,56,0
7,0,1,1,3,4,48,0
20,0,1,0,13,2,30,0
14,1,0,0,1,2,33,0
21,0,2,2,2,2,37,0
19,1,3,0,23,2,50,0
13,2,2,1,7,1,7,0
8,1,2,0,9,3,67,0
7,0,0,0,6,4,43,0
16,1,1,0,3,1,40,0
1,1,1,0,2,4,32,0
23,2,1,0,8,4,55,0
2,2,0,0,6,1,83,0
7,2,1,0,5,1,95,0
11,2,2,1,11,4,94,0
0,0,2,0,5,4,89,0
9,1,3,0,0,3,77,0
19,0,2,1,18,1,76,0
2,1,7,1,3,1,9,0
5,1,1,1,29,4,9,0
6,0,2,0,21,4,64,0
19,0,1,1,2,2,45,0
22,2,2,1,33,4,91,0
17,0,3,0,19,4,61,0
10,0,2,2,42,3,95,0
18,1,3,0,11,4,70,0
4,1,2,1,26,2,93,0
18,2,3,0,11,2,94,0
10,0,3,0,19,1,38,0
23,2,4,1,9,2,75,0
11,1,2,1,26,1,46,0
9,0,3,0,7,4,70,0
7,0,1,1,13,2,64,0
23,3,1,0,24,3,95,0
8,1,3,0,5,3,35,0
3,1,2,0,0,2,12,0
4,0,2,0,1,1,48,0
20,0,2,0,35,1,63,0
7,2,1,1,20,1,45,0
22,3,2,0,6,2,6,0
8,0,0,0,32,4,45,0
14,0,2,0,2,4,90,0
14,2,1,0,1,4,32,0
15,2,3,1,9,1,68,0
13,2,4,3,4,2,3,0
7,0,3,1,4,3,2,0
17,4,5,1,13,4,20,0
9,1,0,0,1,4,83,0
19,3,1,0,15,1,39,0
5,1,4,1,4,4,12,0
11,1,1,0,43,2,61,0
1,1,4,0,16,4,36,0
6,1,1,1,10,1,92,0
15,1,4,2,2,2,9,0
2,1,2,2,31,1,44,0
12,2,2,0,0,3,75,0
2,1,0,0,2,4,53,0
17,3,2,0,0,2,30,0
10,1,3,1,33,2,66,0
7,0,3,1,20,4,38,0
5,1,2,1,30,3,38,0
0,0,2,1,12,3,33,0
0,1,2,0,0,4,71,0
22,1,1,0,26,4,85,0
7,1,3,0,5,4,55,0
4,1,0,0,4,1,76,0
15,1,4,0,3,2,85,0
10,1,2,0,3,2,23,0
4,1,0,1,16,4,70,0
3,1,1,2,2,1,14,0
5,1,2,0,2,1,96,0
13,2,3,0,11,2,49,0
21,0,2,0,3,3,45,0
18,0,2,0,0,4,77,0
8,0,2,0,26,4,27,0
11,0,2,0,3,1,75,0
10,1,2,0,14,2,96,0
13,1,2,0,6,1,67,0
22,2,1,1,1,3,49,0
15,1,1,0,10,2,2,0
0,0,1,0,2,4,94,0
12,1,0,0,3,2,60,0
22,4,2,0,0,2,66,0
20,1,1,0,0,4,59,0
20,0,2,0,7,3,93,0
12,1,1,0,0,1,60,0
1,0,2,0,2,3,22,0
3,1,2,0,25,3,89,0
5,1,1,0,0,3,46,0
22,2,1,1,3,2,53,0
4,2,0,0,12,3,19,0
2,0,4,0,21,2,49,0
0,0,4,0,0,2,80,0
3,1,2,1,2,1,17,0
19,0,2,0,4,1,27,0
1,1,2,0,4,3,19,0
4,1,3,3,3,2,30,0
2,1,1,1,2,4,78,0
8,2,3,2,3,2,46,0
19,1,3,0,1,1,64,1
5,1,0,1,1,4,32,0
17,2,4,0,9,2,53,0
5,0,1,1,3,3,23,0
18,3,3,0,5,2,36,1
11,1,2,0,5,4,10,0
10,3,3,1,1,3,59,0
1,0,1,0,17,4,29,0
14,0,0,1,31,1,11,0
11,2,2,0,3,1,38,0
11,2,0,1,3,2,79,0
8,0,0,0,11,2,32,0
20,1,2,0,0,1,91,0
23,1,2,1,23,4,52,0
1,2,3,1,1,4,1,0
21,0,2,0,13,3,14,0
2,1,2,0,3,3,3,0
11,1,3,1,3,3,30,0
15,0,1,0,1,1,31,1
20,1,2,1,10,1,1,0
23,1,2,1,15,1,46,0
0,1,3,0,30,2,14,0
20,0,2,0,4,4,36,0
2,2,3,1,9,1,46,0
19,0,3,1,5,3,55,0
1,0,2,1,8,3,36,0
8,2,0,1,1,1,43,0
18,1,3,0,8,1,43,0
14,2,3,0,18,4,15,0
17,0,3,0,19,3,38,0
10,0,2,0,6,4,89,0
22,2,2,0,2,1,44,0
15,0,2,0,18,4,55,0
21,1,3,0,74,2,55,0
16,0,2,1,4,1,78,0
4,1,1,2,25,3,88,0
11,0,3,0,41,3,58,0
10,1,2,0,5,4,57,0
14,0,2,0,12,1,56,0
2,0,2,0,8,3,2,0
0,2,3,0,12,4,34,0
19,1,0,0,1,4,49,0
15,3,0,0,4,1,64,0
1,4,1,0,0,3,87,0
1,0,1,1,9,3,8,0
2,0,1,0,26,3,69,0
7,0,7,0,8,1,58,0
23,3,1,1,0,1,93,0
14,0,1,0,26,1,43,0
6,1,2,0,1,2,62,0
5,0,2,0,21,4,52,0
8,2,0,1,12,2,33,0
19,3,5,1,10,2,20,0
0,0,1,0,8,3,80,0
7,1,1,1,1,3,59,0
22,0,5,1,6,4,60,0
22,2,2,1,2,4,63,0
2,3,2,0,8,1,56,0
3,0,1,0,5,3,37,0
14,0,2,0,11,2,60,0
5,1,1,1,40,4,88,0
14,2,4,1,4,4,51,0
20,2,2,0,9,2,29,0
2,0,0,2,19,1,99,0
20,0,2,5,0,3,9,0
20,1,2,1,16,3,86,0
13,2,2,0,2,2,84,0
19,0,2,0,7,1,40,0
13,1,0,1,47,2,68,0
3,2,2,1,41,3,43,0
11,3,2,0,3,2,76,0
16,1,1,0,1,2,23,0
6,0,0,0,27,3,8,0
8,0,1,1,22,3,74,0
2,1,0,1,9,3,64,0
12,0,3,2,0,2,23,0
14,5,3,0,13,2,93,0
17,0,3,0,1,2,96,0
18,2,1,0,28,1,56,0
0,1,0,0,5,4,14,0
5,1,3,2,9,1,80,0
22,3,2,1,3,4,17,0
1,1,0,0,6,3,20,0
23,0,4,0,14,4,12,0
13,1,3,0,6,1,73,0
5,0,1,0,18,3,72,0
13,0,1,0,12,4,41,0
3,1,2,2,0,4,85,0
20,1,1,0,9,4,32,0
7,1,1,0,9,2,37,0
2,1,2,0,4,3,18,0
18,0,2,1,3,2,29,0
13,2,4,0,0,3,7,0
19,1,0,0,5,4,40,0
16,4,3,1,4,4,6,0
7,2,2,1,30,1,20,0
23,2,1,1,11,4,55,0
13,0,1,1,6,2,56,0
5,1,5,0,14,2,73,0
22,0,2,0,15,4,53,0
21,1,4,0,6,2,73,0
15,2,2,2,0,4,72,0
18,2,4,0,15,1,81,0
13,1,2,0,0,1,88,0
18,0,0,2,18,4,87,0
2,4,1,1,4,1,33,0
9,2,0,0,10,4,22,0
18,0,1,0,13,2,50,0
8,2,1,0,0,4,86,0
19,0,2,1,4,3,27,0
12,0,1,0,9,3,48,0
6,3,1,1,18,4,66,0
13,2,1,1,12,4,95,0
8,1,2,1,22,4,13,0
22,0,3,0,0,1,2,0
18,2,1,0,0,3,46,0
14,2,0,1,12,4,71,0
19,1,3,0,5,4,11,0
13,0,3,0,6,2,26,0
23,0,5,1,9,2,63,0
5,2,2,0,42,1,49,0
20,2,2,0,0,1,63,0
3,1,4,0,1,3,21,0
7,0,1,0,17,3,49,0
16,2,2,1,0,4,79,0
8,3,2,1,5,3,80,0
0,1,1,0,14,4,9,0
23,0,0,1,2,1,21,0
19,2,3,1,2,1,53,0
13,1,5,2,3,1,55,0
10,1,2,0,1,2,41,0
20,1,2,0,11,3,6,0
2,4,2,1,2,1,1,0
8,0,3,1,2,1,95,0
13,0,4,0,8,1,64,0
8,1,0,0,34,3,5,0
3,1,1,0,24,3,26,0
3,0,0,0,19,2,1,0
7,2,3,0,7,2,1,0
1,2,0,0,3,2,93,0
8,0,2,0,12,2,86,0
13,2,6,0,4,1,38,0
21,1,2,0,15,4,41,0
8,0,2,1,0,2,83,0
23,1,0,0,7,4,28,0
22,0,1,0,4,1,5,0
15,0,0,0,2,1,21,0
16,0,3,1,10,3,63,0
15,3,1,1,10,4,86,0
11,1,3,0,0,4,84,0
2,0,2,1,29,1,12,0
10,0,0,0,4,3,6,0
13,0,3,1,24,2,29,0
17,3,2,0,8,2,61,0
20,0,4,0,10,3,35,0
20,2,1,2,32,3,75,0
4,0,0,1,17,2,52,0
15,5,3,0,1,1,33,0
19,0,1,0,0,1,25,0
4,0,1,1,3,3,14,0
2,0,1,0,6,1,93,0
11,1,1,0,13,1,53,0
0,1,2,2,10,4,61,0
20,1,2,0,3,2,13,0
8,0,1,3,7,3,15,0
8,2,1,2,10,2,55,0
3,0,1,2,7,4,53,0
2,1,2,1,11,1,72,0
16,0,2,0,6,1,47,0
1,1,2,0,7,4,45,0
23,0,3,0,28,2,97,0
0,3,7,1,4,4,75,0
7,0,2,1,14,1,64,0
12,0,4,1,4,1,15,0
22,0,3,0,4,2,21,0
14,1,4,0,26,1,36,0
7,1,2,0,11,2,70,0
11,0,2,2,26,3,25,0
21,1,5,1,52,1,44,0
11,1,1,0,0,1,1,0
13,1,3,0,40,2,42,0
14,1,5,1,1,3,59,0
14,0,3,0,0,1,33,0
8,1,1,0,14,1,32,0
18,4,3,0,4,3,66,0
19,3,0,0,24,1,25,0
21,1,3,0,7,2,40,0
7,1,1,0,4,3,58,0
20,1,1,0,0,3,97,0
18,0,1,0,6,4,75,0
5,0,4,0,3,1,64,0
19,1,2,0,0,3,19,0
18,1,1,1,11,3,89,0
3,2,2,1,37,3,28,0
22,0,0,0,4,4,74,0
6,0,4,0,3,1,95,0
3,2,3,0,0,3,80,0
21,0,3,0,2,1,42,0
11,4,5,1,3,3,82,0
12,0,3,0,4,2,86,0
2,1,1,0,10,3,50,0
21,1,3,1,1,3,99,0
11,0,1,3,0,4,76,0
1,0,4,0,26,3,92,0
23,1,3,1,16,2,48,0
1,2,0,0,3,3,57,0
22,1,5,0,10,2,9,0
8,0,3,0,8,2,30,0
0,1,3,2,13,2,18,0
7,2,7,1,19,4,45,0
22,0,1,0,4,1,88,0
5,0,2,0,10,1,83,0
5,1,2,0,16,2,78,0
21,2,4,0,12,4,66,0
17,1,2,0,25,4,11,0
16,1,1,0,6,1,90,0
11,1,2,2,16,2,72,0
5,1,2,0,24,1,67,0
7,0,1,3,8,1,15,0
18,0,1,0,0,4,40,0
9,0,2,0,17,4,13,0
0,1,3,0,18,3,80,0
12,0,1,0,5,4,86,0
16,1,3,1,2,4,33,0
2,0,3,1,38,1,2,0
7,1,1,0,8,4,93,0
13,2,3,0,7,4,34,0
2,2,1,0,29,1,16,0
15,1,4,1,5,4,14,0
12,3,1,3,18,4,46,0
19,1,1,0,12,3,50,0
23,5,2,0,34,2,5,0
16,1,1,0,5,3,43,0
12,1,3,1,23,4,18,0
5,0,2,3,8,1,48,0
16,0,2,0,6,1,64,0
13,3,1,0,3,2,26,0
16,2,0,1,8,1,74,0
7,1,2,0,8,4,70,0
10,2,1,0,22,3,14,0
19,1,2,0,12,2,66,0
0,0,4,0,17,3,61,0
6,1,3,0,14,1,91,0
20,0,0,1,3,4,73,0
20,0,4,1,2,2,77,0
16,1,0,0,2,1,21,1
9,2,7,1,1,1,55,0
10,1,0,1,4,3,2,0
21,2,2,1,10,1,3,0
8,4,4,0,7,3,13,0
8,1,2,1,11,1,21,0
23,0,3,1,4,3,33,0
4,0,4,0,2,3,20,0
16,0,5,0,2,4,18,0
8,1,2,1,9,2,89,0
16,1,3,0,1,2,38,1
23,2,4,0,5,4,25,0
20,0,4,0,2,1,38,0
18,3,3,0,10,1,15,0
6,1,2,0,9,2,81,0
22,1,1,0,4,3,29,0
8,2,2,0,1,3,97,0
6,2,2,0,2,2,64,0
12,3,4,1,6,2,32,0
10,2,0,0,35,4,72,0
13,2,6,1,3,1,43,0
18,0,1,0,2,3,13,0
10,2,2,1,2,4,81,0
12,0,1,0,12,2,85,0
13,0,0,0,24,4,78,0
12,2,1,1,0,4,25,0
0,1,1,0,13,3,49,0
7,1,1,0,6,4,88,0
11,0,3,0,17,3,97,0
18,0,1,0,5,2,8,0
11,1,5,0,0,3,28,0
7,0,4,0,11,1,83,0
7,1,4,1,16,2,11,0
20,1,1,1,23,3,55,0
12,1,3,2,8,2,10,0
11,0,3,1,1,4,59,0
15,1,4,0,4,2,65,0
0,1,0,1,15,3,5,0
12,1,1,0,6,4,80,0
6,1,1,1,12,1,84,0
4,1,0,2,0,2,20,0
7,1,3,0,0,3,92,0
13,1,1,1,11,2,5,0
22,0,3,0,3,2,67,0
12,0,6,1,4,3,30,0
14,0,1,1,10,1,87,0
22,3,1,1,1,3,34,0
16,1,7,0,17,2,92,0
14,2,2,2,1,1,1,0
19,2,1,1,13,1,27,0
17,0,1,0,3,1,63,0
17,1,3,0,3,1,34,1
1,0,3,1,17,2,95,0
3,0,0,1,8,3,32,0
0,1,0,0,2,3,71,0
3,0,2,0,0,4,98,0
17,2,2,2,36,4,46,0
4,0,2,0,5,4,68,0
18,2,1,0,5,1,83,0
14,1,3,1,0,1,57,0
7,0,1,0,22,3,22,0
19,1,2,0,1,1,29,0
16,0,3,0,4,3,98,0
0,1,0,0,5,4,98,0
11,2,2,0,16,3,45,0
18,0,2,0,4,1,45,0
14,2,0,0,7,3,67,0
8,0,1,1,5,3,21,0
6,1,1,0,3,3,21,0
1,2,1,2,29,1,60,0
8,0,2,0,15,2,81,0
9,0,4,0,1,4,29,0
1,1,0,2,8,2,33,0
18,0,3,1,15,2,39,0
10,1,1,0,8,2,62,0
12,2,1,1,6,2,90,0
9,2,0,0,0,1,71,0
13,1,1,1,1,1,45,0
17,1,1,0,2,2,58,0
18,2,1,0,7,2,73,0
21,1,1,0,43,3,82,0
8,2,1,0,16,3,1,0
6,0,2,0,1,4,11,0
2,3,4,2,12,4,86,0
19,0,6,0,16,4,32,0
5,0,1,1,5,3,74,0
20,1,1,0,4,2,49,0
1,0,2,1,8,2,91,0
5,1,1,0,7,4,76,0
2,0,0,0,3,4,30,0
15,1,1,0,5,1,60,0
7,0,2,0,7,4,10,0
1,0,0,0,8,3,76,0
16,0,1,0,7,3,21,0
8,2,2,3,18,4,91,0
11,0,2,0,0,4,6,0
2,5,5,0,4,1,38,0
10,1,0,0,13,1,58,0
0,0,2,0,10,1,8,0
22,3,3,1,25,3,70,0
12,0,1,3,8,1,63,0
14,0,1,0,10,2,34,0
4,0,4,0,12,2,49,0
20,2,1,0,2,2,40,0
16,0,3,1,13,1,86,0
22,1,2,0,3,3,29,0
23,1,4,0,5,3,9,0
5,0,3,0,0,1,21,0
20,0,3,0,18,4,32,0
21,0,6,1,30,4,72,0
10,1,2,0,0,1,55,0
17,1,3,0,10,3,43,0
3,0,0,0,32,2,10,0
2,0,1,0,9,4,49,0
12,1,3,1,15,2,87,0
22,1,3,0,1,3,84,0
8,0,0,2,2,4,13,0
20,0,3,0,4,1,86,0
5,1,2,0,39,2,41,0
11,2,5,0,15,2,79,0
1,2,4,0,21,2,31,0
2,2,2,0,6,1,32,0
2,1,1,1,12,1,45,0
11,1,1,1,13,2,13,0
14,1,1,0,8,1,25,0
8,2,3,0,21,4,85,0
22,0,2,1,1,3,68,0
7,0,0,1,0,4,15,0
10,2,0,0,3,1,64,0
15,0,2,1,0,3,85,0
21,2,1,0,0,2,60,0
3,2,3,0,5,2,8,0
0,0,3,0,2,3,95,0
23,1,0,0,15,4,74,0
6,3,5,1,8,2,85,0
1,0,2,1,4,2,17,0
23,0,1,1,3,2,5,0
4,1,2,1,8,1,13,0
6,2,1,1,5,4,21,0
3,0,3,0,0,1,44,0
4,2,3,0,10,3,76,0
23,3,0,0,6,3,89,0
0,0,4,0,3,1,53,0
0,2,1,1,3,2,28,0
14,2,1,0,6,1,66,0
19,2,0,0,17,4,21,0
18,0,5,0,5,2,86,0
9,1,2,0,18,3,57,0
17,0,0,0,5,4,55,0
2,4,3,1,17,3,2,0
10,0,3,0,26,4,94,0
14,0,3,0,0,4,65,0
10,0,2,0,0,4,77,0
16,2,2,0,1,3,3,0
16,0,1,0,1,1,59,0
5,1,3,0,6,1,84,0
4,1,1,0,14,2,63,0
7,1,3,1,32,3,5,0
1,1,0,0,5,2,66,0
15,0,3,0,11,2,90,0
19,1,0,2,10,4,93,0
23,0,2,0,4,4,18,0
11,0,3,0,12,1,9,0
5,3,1,1,8,1,22,0
0,1,0,0,14,2,28,0
3,0,3,1,2,2,60,0
16,0,3,0,4,2,12,0
12,0,2,2,11,1,37,0
17,1,3,3,1,2,82,0
4,0,2,0,14,1,98,0
23,0,1,0,1,3,42,0
23,1,3,1,3,3,54,0
2,1,4,0,2,2,42,0
10,0,0,0,0,1,67,0
12,1,0,0,3,3,56,0
3,0,2,1,24,1,46,0
13,1,4,1,0,1,5,0
21,0,1,0,0,3,56,0
10,0,4,1,12,2,23,0
9,0,2,0,4,2,62,0
18,2,2,1,2,3,13,0
17,2,2,1,7,4,59,0
5,0,3,0,3,1,88,0
14,0,1,0,4,4,28,0
20,0,2,0,12,2,81,0
9,1,9,0,1,1,6,0
4,1,1,0,32,3,61,0
4,1,1,0,0,2,61,0
9,0,1,1,16,2,91,0
4,3,2,1,12,2,45,0
2,0,1,0,3,3,93,0
22,2,2,0,1,3,12,0
5,3,4,3,19,4,35,0
3,0,1,0,11,3,62,0
17,3,1,0,3,4,5,0
8,0,2,0,0,1,66,0
16,1,2,1,27,1,75,0
12,1,3,1,5,1,68,0
14,1,2,0,1,2,86,0
19,1,1,1,24,2,65,0
16,1,2,1,4,2,80,0
12,0,2,0,6,3,66,0
15,4,1,0,11,3,41,0
21,1,4,1,17,4,27,0
3,1,3,1,1,2,76,0
4,0,3,0,22,3,5,0
4,1,2,1,26,1,5,0
8,1,0,0,3,1,86,0
16,2,2,1,6,3,13,0
12,0,4,0,19,1,80,1
1,0,1,0,6,1,90,0
12,2,2,1,6,4,9,0
21,0,0,1,9,1,48,0
20,1,2,0,14,2,32,0
22,3,4,0,10,3,83,0
18,1,2,1,9,3,36,0
2,1,2,0,4,2,92,0
9,0,1,0,9,1,15,0
1,0,2,0,1,4,9,0
12,1,3,0,5,4,16,0
18,0,4,0,2,2,6,0
16,1,6,0,7,1,72,0
20,0,1,1,3,2,33,0
13,1,0,0,7,4,96,0
11,3,0,0,15,1,42,0
20,0,1,0,5,2,59,0
11,0,0,0,2,2,36,0
10,0,3,0,2,1,34,0
6,1,2,1,23,4,2,0
3,1,1,0,15,1,13,0
18,1,1,0,0,4,43,0
0,1,1,1,28,3,74,0
23,0,0,0,1,4,57,0
2,0,1,0,10,4,7,0
12,2,3,1,8,3,59,0
14,0,3,0,0,2,59,0
1,1,1,0,3,2,51,0
10,0,4,1,14,4,3,0
3,0,3,2,3,3,27,0
18,0,0,0,6,3,78,0
16,0,2,0,11,1,54,0
2,0,3,0,0,4,94,0
17,1,4,1,17,3,64,0
7,0,2,0,0,2,34,0
21,1,3,0,3,3,23,0
23,1,0,1,14,3,48,0
18,1,2,0,24,3,55,0
4,1,1,0,14,3,17,0
6,0,3,1,2,2,79,0
20,2,1,0,42,3,62,0
7,1,4,1,5,4,61,0
4,0,1,0,4,3,61,0
16,1,3,1,20,2,44,0
4,1,5,0,0,4,71,0
3,3,1,0,8,3,3,0
21,0,1,2,33,2,73,0
18,1,0,0,1,4,67,0
20,2,0,0,7,3,99,0
1,1,0,0,1,3,8,0
10,1,2,1,22,3,26,0
21,1,1,0,8,4,15,0
12,1,1,1,2,1,5,0
14,1,1,0,3,3,13,0
11,1,1,1,7,2,79,0
21,1,6,0,12,1,12,1
20,1,2,0,6,3,99,0
21,1,3,0,2,2,63,0
10,1,3,0,12,3,8,0
6,0,3,1,1,2,74,0
4,1,4,0,16,3,34,0
16,0,1,0,5,2,72,0
23,3,4,1,10,2,22,0
19,0,2,1,4,1,50,0
8,1,2,0,11,1,12,0
13,1,3,1,21,4,22,0
11,3,0,0,12,2,91,0
5,1,0,1,11,2,58,0
16,2,4,1,14,1,82,0
18,1,2,1,6,4,19,0
18,0,6,0,2,2,5,0
15,1,1,0,16,3,16,0
11,0,0,0,10,3,41,0
11,2,3,2,3,4,74,0
19,3,2,0,3,2,19,0
5,1,5,0,6,2,65,0
22,1,7,2,2,1,22,0
3,1,2,1,21,1,17,0
5,0,1,1,15,2,35,0
10,2,3,2,3,3,39,0
0,2,3,1,0,1,73,0
23,1,4,2,0,3,55,0
22,0,2,0,3,3,5,0
14,0,1,1,1,3,73,0
10,2,4,0,20,3,11,0
18,0,4,1,5,4,78,0
17,0,2,1,4,4,40,0
16,0,2,0,2,1,88,0
18,2,5,0,18,2,84,0
20,2,4,0,15,4,97,0
13,0,3,1,4,2,4,0
17,1,1,0,1,1,80,0
18,2,5,1,30,3,89,0
14,0,2,2,3,2,58,0
14,0,0,0,14,4,65,0
3,0,2,2,6,2,88,0
6,1,3,1,15,4,64,0
12,0,4,0,6,2,67,0
2,3,3,0,25,4,96,0
15,1,1,0,16,3,34,0
8,1,0,1,3,2,89,0
7,1,1,0,5,1,58,0
19,1,2,0,1,2,67,0
12,0,1,0,23,4,7,0
16,0,1,0,0,2,35,0
16,3,2,1,0,1,29,0
16,2,2,1,6,3,25,0
0,1,3,1,9,2,28,0
7,0,3,0,2,3,88,0
18,2,6,1,8,3,69,0
5,1,1,0,22,3,27,0
2,0,0,0,9,4,74,0
4,1,0,0,6,2,76,0
12,1,2,0,1,2,82,0
14,0,3,0,1,1,8,0
13,2,4,0,6,3,38,0
22,5,3,2,6,4,94,0
15,1,3,1,7,4,9,0
17,1,3,0,7,1,43,0
21,1,3,1,4,2,25,0
21,1,1,2,11,2,94,0
10,2,4,0,2,4,66,0
2,0,1,1,19,4,17,0
21,1,0,0,2,1,7,0
9,0,6,0,5,4,22,0
9,2,1,2,2,4,10,0
20,1,4,2,9,1,90,0
15,1,3,0,6,3,13,0
11,3,5,0,4,4,42,0
1,2,3,0,6,2,28,0
8,0,6,2,5,3,59,0
23,2,4,1,19,4,11,0
2,0,3,0,1,3,9,0
23,1,1,1,15,4,80,0
14,0,1,1,10,2,81,0
2,0,4,0,4,4,55,0
18,1,2,0,25,2,5,0
17,0,2,0,1,4,69,0
7,0,3,0,3,4,38,0
16,1,2,1,4,3,95,0
7,2,1,0,10,1,66,0
6,1,2,0,29,2,91,0
6,0,3,1,9,3,83,0
2,2,3,1,19,1,64,0
0,0,2,0,23,3,25,0
3,0,1,1,6,2,52,0
4,0,2,0,6,1,38,0
0,1,3,0,2,1,77,0
14,1,3,1,9,1,93,0
4,2,3,0,1,2,19,0
12,0,4,0,10,2,99,0
7,0,2,0,22,3,25,0
7,0,3,1,14,4,48,0
4,4,0,2,10,4,73,0
8,2,2,1,18,4,61,0
0,0,2,1,13,4,35,0
3,1,3,1,7,3,51,0
2,0,1,2,7,2,15,0
1,2,1,0,1,3,86,0
7,1,1,1,5,1,77,0
22,1,4,3,7,2,49,0
8,3,2,0,6,2,30,0
1,0,2,1,14,4,21,0
13,1,3,0,1,3,89,0
13,1,0,0,15,4,89,0
3,1,3,1,13,2,86,0
5,0,2,1,23,4,41,0
10,1,1,0,4,1,3,0
2,2,3,1,1,2,73,0
7,1,2,0,14,1,24,0
2,2,2,1,8,2,96,0
13,1,1,0,12,4,17,0
12,1,1,0,57,2,88,0
12,1,1,0,2,2,8,0
1,1,2,1,5,3,6,0
12,1,1,0,2,3,9,0
18,3,4,0,19,1,15,0
5,2,3,0,0,3,64,0
15,2,0,0,1,2,88,0
1,0,3,0,2,3,50,0
7,1,1,3,14,4,11,0
16,3,2,0,9,3,95,0
22,0,1,1,4,1,46,0
1,1,4,2,1,2,45,0
9,2,0,0,3,4,77,0
15,0,2,0,13,4,94,0
5,1,1,0,4,1,59,0
1,1,1,3,6,3,25,0
1,1,1,3,9,2,12,0
12,1,0,0,24,1,85,0
23,2,3,0,2,4,88,0
14,1,1,0,5,4,26,0
1,0,2,0,3,4,76,0
6,0,2,1,6,1,37,0
2,1,2,0,11,4,85,0
7,0,1,0,6,2,23,0
22,0,1,1,17,4,65,0
13,1,3,0,8,1,45,0
23,0,2,0,4,1,74,0
22,2,4,0,15,4,35,0
21,0,3,1,5,1,48,0
6,2,0,0,7,3,28,0
20,2,1,1,52,1,1,0
6,2,3,3,15,3,72,0
0,1,2,0,19,1,41,0
16,1,1,0,8,1,23,0
8,1,5,0,4,1,84,0
20,1,1,0,47,4,32,0
12,0,4,0,2,1,87,0
20,0,3,0,20,2,7,0
18,1,3,0,24,4,75,0
20,1,2,2,17,3,55,0
18,0,4,2,1,2,72,1
21,0,5,0,19,2,43,0
16,0,0,0,10,2,14,0
22,1,1,1,11,2,14,0
22,3,1,1,15,1,41,0
9,0,3,1,6,1,91,0
9,2,1,0,3,2,84,0
3,0,3,0,8,4,89,0
7,0,1,0,1,2,93,0
21,1,3,0,11,3,14,0
19,1,3,2,6,2,28,0
19,1,2,0,6,1,30,0
17,0,1,2,2,3,79,0
13,3,0,1,0,4,54,0
17,1,1,0,9,2,59,0
13,2,1,1,10,3,85,0
19,0,5,0,6,2,12,0
20,0,2,1,14,4,75,0
23,1,1,0,8,4,39,0
14,0,2,0,18,3,70,0
21,0,4,0,3,4,67,0
3,1,4,0,2,3,15,0
12,1,0,0,3,4,98,0
22,0,0,0,0,1,4,0
7,2,2,0,23,3,98,0
17,2,2,0,71,2,44,0
11,0,2,1,16,3,39,0
22,1,0,0,5,4,70,0
13,2,2,1,4,4,86,0
1,1,2,0,14,4,37,0
17,1,2,0,7,2,58,0
23,2,1,0,28,2,32,0
1,2,1,0,3,4,28,0
10,4,3,0,3,1,90,1
8,1,1,0,67,3,4,0
11,1,3,0,38,4,10,0
16,1,2,0,21,1,27,0
14,0,3,0,5,2,84,0
16,0,1,0,18,4,36,0
17,0,1,1,3,3,5,0
21,1,2,0,2,3,81,0
5,0,1,2,7,2,50,0
16,0,1,0,19,4,32,0
22,2,3,1,1,4,99,0
23,1,2,0,8,4,23,0
17,0,2,0,9,1,77,0
7,1,1,1,8,1,61,0
8,1,5,1,2,4,1,0
5,1,1,2,0,3,31,0
4,2,1,0,22,1,19,0
11,1,7,0,8,3,87,0
10,1,0,0,14,1,54,0
0,0,5,0,4,2,34,0
10,1,0,0,0,2,4,0
18,1,1,0,3,2,48,0
8,0,3,1,0,3,48,0
1,1,1,1,0,3,49,0
11,1,2,0,2,4,60,0
3,0,3,0,10,4,44,0
3,0,1,0,17,2,34,0
17,0,2,0,17,2,94,0
14,0,1,1,27,1,56,0
18,1,4,2,10,2,74,0
12,1,4,0,0,2,6,0
18,0,2,0,4,2,76,0
16,2,1,1,1,3,76,0
5,2,2,2,15,3,82,0
15,0,1,0,1,2,36,0
23,1,2,0,1,1,35,0
11,2,0,0,0,1,25,0
18,0,5,0,31,4,49,0
4,1,0,0,15,2,55,0
16,3,5,0,4,3,41,0
22,1,1,0,4,2,57,0
0,0,1,0,0,1,22,0
23,2,2,0,1,3,94,0
22,0,4,1,3,3,44,0
9,0,0,0,4,3,29,0
14,1,1,0,9,4,71,0
22,0,1,0,4,2,48,0
20,0,2,0,30,2,3,0
20,2,2,1,4,2,85,0
10,1,4,1,28,1,45,0
12,1,0,1,13,3,20,0
4,0,1,1,23,3,73,0
0,0,3,0,12,1,36,0
23,1,1,1,8,4,60,0
11,1,2,1,7,1,78,0
10,0,2,0,3,3,18,0
16,2,1,1,3,4,97,0
3,0,3,1,2,4,66,0
14,1,1,1,4,3,31,0
8,1,1,0,1,1,86,0
20,0,1,0,4,2,9,0
19,1,1,0,17,2,20,0
18,0,4,0,20,2,20,0
18,1,1,1,10,1,47,0
11,0,3,1,2,3,1,0
4,1,3,0,2,1,94,0
9,0,1,1,3,2,83,0
16,3,3,1,6,2,14,0
4,0,1,2,37,2,1,0
21,2,4,1,1,1,69,0
15,1,1,0,6,1,10,0
6,0,1,0,11,2,73,0
8,2,1,1,2,4,49,0
2,0,1,1,34,2,14,0
14,1,4,1,4,3,60,0
15,0,4,0,26,1,82,0
17,2,2,0,9,4,42,0
13,3,3,1,0,4,59,0
2,2,0,0,3,3,25,0
11,0,2,0,0,2,36,0
8,1,1,0,4,2,95,0
6,0,6,0,26,2,35,0
8,3,1,1,15,3,91,0
12,0,2,1,9,1,86,0
17,1,0,1,7,1,11,0
4,1,1,1,4,3,10,0
12,2,1,0,2,1,8,0
3,1,1,0,0,3,92,0
1,0,3,0,2,3,23,0
15,1,2,0,4,4,6,0
8,1,3,1,7,4,78,0
8,0,1,0,2,1,88,0
5,0,0,0,36,4,64,0
10,2,0,0,0,1,73,0
21,0,1,0,0,3,46,0
23,3,0,0,11,1,38,0
21,1,0,1,14,4,25,0
0,0,1,1,35,1,94,0
3,0,4,0,7,4,86,0
12,3,3,1,1,3,2,0
22,3,4,0,27,2,89,0
12,1,2,1,39,3,24,0
12,2,3,0,25,4,67,0
1,1,1,0,20,1,90,0
8,1,1,0,0,4,94,0
23,2,2,2,19,4,93,0
7,1,2,1,30,2,71,0
6,0,2,0,8,1,61,0
3,3,4,1,14,4,9,0
17,1,4,0,10,3,45,0
2,2,4,0,3,3,94,0
5,2,0,2,8,4,16,0
11,1,2,0,22,4,14,0
11,2,2,0,6,4,26,0
20,0,3,0,8,4,46,0
7,0,2,3,7,3,58,0
21,2,3,0,3,2,74,0
21,0,4,0,10,4,30,0
0,0,2,3,7,1,86,0
3,0,1,0,2,2,56,0
20,0,1,1,22,3,94,0
10,2,1,0,29,4,32,0
2,1,2,0,0,4,78,0
12,0,4,0,9,4,23,0
16,0,3,0,5,4,17,0
21,1,3,0,7,1,93,0
21,1,3,0,4,4,24,0
9,0,5,0,6,3,47,0
20,0,1,1,3,1,11,0
11,3,1,0,1,2,41,0
14,0,3,1,3,2,15,0
20,1,4,0,11,2,86,0
9,1,2,0,0,4,91,0
13,0,1,0,4,2,52,0
12,1,6,0,0,1,34,0
4,1,1,1,4,1,60,0
5,1,3,0,0,2,57,0
23,2,2,1,4,2,33,0
1,0,1,0,18,1,21,0
21,1,2,1,9,3,24,0
16,3,2,0,11,2,20,0
3,1,2,1,7,1,68,0
13,2,0,0,25,2,60,0
9,2,2,3,7,1,46,0
2,1,1,4,1,4,33,0
2,2,2,0,27,2,31,0
14,2,2,0,1,2,34,0
5,0,0,0,70,3,22,0
16,0,1,1,5,3,30,0
11,1,1,1,0,3,5,0
21,1,1,0,19,3,41,0
19,0,1,0,0,2,45,0
23,1,1,1,1,2,87,0
10,1,3,1,5,3,61,0
3,1,2,1,11,3,13,0
5,1,2,0,1,2,9,0
0,3,2,0,9,4,78,0
19,0,1,0,15,1,81,0
22,1,1,2,1,3,35,0
15,0,0,0,10,1,18,0
14,0,4,0,31,4,12,0
16,2,4,0,34,4,41,0
7,1,1,1,1,4,16,0
11,1,1,0,14,2,94,0
21,1,2,0,18,1,13,0
20,0,1,0,21,4,18,0
9,1,1,0,3,3,76,0
14,1,2,2,3,4,98,0
8,0,2,0,0,3,51,0
1,1,1,0,5,3,33,0
4,0,2,0,1,4,70,0
5,1,3,0,15,3,82,0
6,1,3,2,1,3,67,0
20,2,7,0,17,2,54,0
0,2,1,0,1,1,6,0
22,1,4,0,6,2,36,0
6,2,2,1,4,2,55,0
19,2,2,0,9,2,50,0
11,1,0,1,7,1,86,0
15,1,2,0,9,1,71,0
15,0,3,0,0,4,94,0
10,2,1,0,1,2,66,0
20,0,0,0,7,1,96,0
3,3,1,0,2,4,15,0
12,2,0,3,0,2,22,0
6,0,0,1,2,2,49,0
3,2,0,0,15,3,38,0
14,1,2,0,7,1,8,0
18,1,2,0,2,3,8,0
8,2,0,0,0,2,84,0
10,0,0,1,4,2,37,1
7,2,3,1,4,2,72,0
0,1,3,1,13,4,78,0
22,1,2,1,25,3,84,0
23,1,1,1,4,3,99,0
7,1,3,1,11,2,25,0
12,2,3,2,10,3,82,0
21,1,0,1,5,2,54,0
3,2,3,0,0,2,21,0
7,0,2,0,6,3,59,0
2,0,3,0,4,1,31,0
8,2,1,3,7,2,6,0
1,0,1,0,1,2,42,0
1,0,2,0,12,3,52,0
12,1,4,1,15,3,47,0
14,0,1,1,4,3,84,0
22,0,0,0,1,2,28,0
11,1,2,3,9,1,36,0
3,1,2,0,31,1,40,0
7,1,3,0,12,1,90,0
8,0,4,1,1,2,13,0
22,1,2,3,5,3,49,0
4,1,1,0,24,1,4,0
23,0,3,3,10,1,98,0
19,2,2,1,1,1,64,0
17,2,1,0,12,2,98,0
10,1,3,0,4,3,80,0
14,0,0,0,6,4,23,0
21,1,3,0,5,3,58,0
8,0,4,0,12,3,87,0
16,0,4,0,2,3,15,0
11,0,2,0,4,1,89,0
6,0,5,0,13,3,93,0
9,0,0,0,12,1,79,0
9,0,4,3,2,2,99,0
12,0,1,0,4,4,46,0
18,1,1,1,0,2,39,1
10,3,0,0,7,2,47,0
12,0,1,0,3,4,37,1
20,0,1,0,0,3,41,0
7,1,3,4,5,3,92,0
7,2,3,0,26,1,45,0
3,1,3,0,25,3,30,0
14,0,0,1,4,4,71,0
10,0,2,1,5,2,68,0
10,2,0,1,2,3,7,0
0,0,2,0,0,1,97,0
16,2,1,2,11,2,47,0
14,1,1,1,16,2,47,0
19,2,2,1,21,1,82,0
5,0,3,2,27,2,79,0
23,0,3,2,24,1,99,0
21,1,3,2,0,1,60,0
14,1,2,1,38,4,5,0
8,0,4,1,4,4,48,0
13,0,3,0,21,3,87,0
17,4,4,1,5,4,74,0
16,0,3,0,5,2,89,1
17,4,4,1,0,3,22,0
4,0,3,0,0,3,95,0
19,1,2,0,11,1,23,0
19,1,2,0,27,4,92,0
8,0,2,0,2,1,45,0
10,1,4,0,0,3,79,0
23,2,0,0,2,1,52,0
21,1,3,1,2,2,71,0
0,1,3,0,3,2,46,0
17,1,1,1,0,3,38,0
5,0,6,0,2,2,40,0
1,0,1,0,25,4,15,0
14,1,1,0,22,3,69,0
20,4,3,1,3,4,12,0
13,2,3,0,57,2,77,0
4,1,6,0,3,1,67,0
5,1,2,1,12,4,57,0
5,1,3,0,10,4,19,0
21,0,2,1,0,2,90,0
17,1,3,1,4,4,30,0
13,2,3,0,30,4,92,0
9,0,4,0,0,1,79,0
13,0,2,0,1,3,18,0
12,2,2,0,35,2,63,0
2,3,5,1,0,1,7,0
5,0,3,1,5,1,60,0
7,0,1,2,25,3,78,1
11,2,2,0,28,3,88,0
12,0,1,1,38,2,63,0
10,3,2,2,6,2,57,0
11,1,3,1,0,2,88,0
0,0,1,0,14,1,75,0
16,1,0,0,12,4,39,0
15,0,3,0,8,3,43,0
10,1,2,0,21,2,56,0
12,1,3,0,24,2,10,0
17,1,0,1,11,1,97,0
10,1,2,0,1,2,20,0
11,1,0,0,1,1,64,0
5,0,1,0,5,4,39,0
8,0,2,1,3,1,86,0
15,2,2,1,1,3,99,0
3,0,2,1,9,1,28,0
2,0,0,1,11,4,30,0
15,0,3,0,11,4,58,0
23,2,6,1,1,3,70,0
11,2,1,0,3,1,62,0
10,0,2,2,2,3,1,0
4,1,3,0,9,4,68,0
17,0,3,0,8,1,25,0
18,0,2,0,6,2,39,0
22,0,1,0,3,4,11,0
22,0,3,0,2,4,59,0
5,1,1,0,22,3,37,0
21,1,4,0,0,4,76,0
17,1,0,0,10,3,29,0
5,2,1,0,0,1,98,0
3,2,0,0,2,2,82,0
11,0,2,0,3,2,9,0
18,1,2,0,21,3,46,0
1,2,6,2,1,2,76,0
16,0,2,0,27,2,9,0
10,1,4,1,16,4,65,0
10,3,3,0,11,4,71,0
20,3,0,0,5,1,42,0
15,2,3,0,23,4,34,0
1,1,1,0,7,4,96,0
1,0,0,1,4,4,28,0
22,1,2,1,8,4,90,0
7,2,2,0,2,2,61,0
12,1,6,0,3,2,40,0
9,3,1,1,25,2,54,0
7,0,1,0,15,4,59,0
3,2,4,0,7,2,78,0
14,3,4,0,5,1,45,0
0,4,1,0,16,1,95,0
10,2,1,1,8,4,80,0
6,0,1,0,5,2,39,0
16,1,1,2,7,1,42,0
19,0,2,1,2,3,11,0
23,0,3,1,2,4,75,0
17,1,4,0,45,1,38,0
21,0,2,1,34,1,57,0
21,3,0,0,5,1,12,0
11,2,0,0,7,3,42,0
8,0,1,0,17,3,63,0
4,1,2,1,12,3,9,0
9,2,1,0,1,1,22,0
3,1,2,1,4,3,38,0
4,0,3,0,2,4,73,0
9,3,1,1,49,3,57,0
10,0,2,1,13,4,67,0
20,2,3,2,0,1,99,0
23,1,0,0,23,2,30,0
9,3,2,0,26,4,26,0
7,1,2,2,4,4,72,0
1,2,2,0,10,4,54,0
22,0,1,1,11,1,32,0
7,2,2,1,13,4,22,0
15,1,3,0,11,1,8,0
21,1,4,0,8,4,66,0
4,1,5,1,30,1,14,0
2,0,2,0,7,2,5,0
11,0,3,0,1,1,13,0
12,1,0,0,0,1,87,0
12,1,2,0,0,2,77,0
9,4,4,2,5,1,83,0
3,1,1,1,3,1,24,0
8,0,1,0,22,4,35,0
21,1,1,0,20,1,78,0
23,1,1,2,18,4,68,0
22,0,6,0,20,2,26,0
1,1,1,1,3,1,74,1
18,3,2,1,5,2,38,0
0,3,1,1,3,2,34,0
6,1,2,0,0,3,34,0
16,1,4,1,25,1,19,0
2,2,1,0,9,1,3,0
19,1,1,0,1,4,36,0
19,3,2,0,2,4,4,0
20,2,1,0,5,3,26,0
2,1,5,0,0,3,75,0
2,0,1,0,3,1,3,0
16,0,0,1,12,1,49,0
6,0,6,0,25,3,9,0
13,1,6,1,26,1,46,0
16,0,1,0,7,1,66,0
17,0,1,0,3,1,14,0
12,1,2,0,25,3,3,0
19,1,4,0,15,3,2,0
19,3,2,2,8,2,86,0
20,2,0,0,17,4,93,0
17,1,3,0,6,2,33,0
3,1,1,0,1,1,10,0
0,1,1,0,27,1,53,0
17,2,4,0,7,2,44,0
0,1,3,1,11,2,38,0
12,0,1,0,4,2,21,0
19,3,4,0,1,1,95,1
19,0,2,0,3,1,35,0
22,0,2,1,0,2,67,0
9,1,3,0,0,3,83,0
10,3,0,3,2,4,22,0
8,0,2,0,8,4,20,0
8,0,1,0,49,2,83,0
4,1,1,0,18,3,68,0
0,2,0,1,0,4,96,0
16,0,0,1,18,3,8,0
21,0,5,0,7,4,51,0
1,1,2,0,10,4,26,1
23,0,3,0,1,1,51,0
12,2,3,0,5,3,65,0
8,3,4,1,21,4,26,0
3,1,3,0,5,3,47,0
4,1,3,1,1,2,43,0
10,2,1,0,3,2,9,0
23,0,3,0,2,3,35,0
18,0,1,0,11,4,82,0
20,1,0,0,24,2,19,0
2,0,1,3,13,2,48,0
11,0,1,1,18,4,80,0
18,0,1,0,16,2,28,0
18,0,2,2,0,2,3,0
12,0,2,0,1,4,18,0
6,1,3,0,5,3,13,0
14,0,1,0,1,3,27,0
22,2,1,1,13,4,40,0
6,0,2,0,0,4,39,0
7,1,1,0,5,3,58,0
4,0,3,1,4,4,57,0
20,0,3,1,7,3,24,0
13,0,2,0,9,3,93,0
3,3,4,0,29,1,22,0
22,1,1,0,3,2,51,0
9,1,1,0,10,4,90,0
19,2,1,0,0,1,84,0
14,1,5,1,0,3,88,0
17,1,0,1,0,4,76,0
19,3,5,0,5,2,82,0
12,0,2,0,8,3,76,0
7,1,4,1,0,1,38,0
8,2,4,0,5,3,96,0
15,1,3,0,0,4,61,0
18,0,1,1,10,2,49,0
15,3,2,0,9,3,23,0
6,0,1,1,15,4,4,0
13,3,2,0,7,4,76,0
13,2,0,2,9,3,81,0
3,1,2,0,3,2,85,0
14,0,2,0,0,4,37,0
2,0,1,1,13,1,93,0
4,3,0,1,9,1,6,0
0,2,1,0,27,2,28,0
2,1,0,0,45,2,8,0
14,0,2,0,18,1,95,0
23,0,3,0,42,2,20,0
7,2,2,1,10,1,16,0
3,3,0,0,0,3,13,0
1,1,1,1,0,1,79,0
23,0,2,0,16,2,62,0
23,1,4,1,2,3,77,0
9,0,4,0,0,2,66,0
3,1,1,1,6,1,53,0
2,1,1,1,3,3,84,0
1,0,1,0,8,4,28,0
16,0,1,0,9,1,18,0
22,2,4,0,11,3,7,0
20,0,3,0,8,4,21,0
23,1,1,1,4,2,41,0
19,1,2,1,0,1,39,0
22,3,4,2,23,3,73,0
12,0,1,0,3,4,10,0
4,0,2,0,7,3,31,0
20,1,3,0,8,3,42,0
8,2,0,1,3,1,77,0
21,1,3,0,3,2,69,0
5,0,1,1,3,4,59,0
4,0,2,0,2,2,38,1
9,1,1,0,0,4,43,0
7,0,2,0,31,3,2,0
6,0,1,0,9,4,6,0
6,0,1,1,1,4,77,0
5,0,1,0,8,2,29,0
20,1,1,0,2,4,78,0
19,1,1,0,3,1,30,0
2,1,2,1,16,2,89,0
18,1,1,1,21,2,40,0
21,2,2,1,12,1,99,0
14,1,0,0,26,1,37,0
3,1,3,1,23,2,7,0
11,1,4,1,8,2,50,0
5,0,2,0,23,2,18,0
18,0,1,0,7,3,8,0
3,1,2,0,1,4,71,0
14,0,5,1,17,1,98,0
8,1,3,2,1,3,55,0
4,2,2,0,3,3,48,0
12,0,0,0,4,3,74,0
22,2,2,0,16,4,58,0
17,0,1,0,0,3,93,0
4,1,1,0,5,2,16,0
15,0,3,0,5,1,25,0
18,0,1,4,8,4,29,0
13,0,4,0,4,4,8,0
15,0,3,1,8,2,84,0
14,1,4,0,42,1,55,0
21,0,3,0,0,3,52,0
3,2,0,0,20,4,91,0
6,5,2,2,3,1,77,0
15,0,5,0,6,4,26,0
23,1,2,0,13,1,25,0
21,2,3,1,24,1,92,0
20,1,1,1,0,1,73,0
21,0,1,1,10,2,26,0
20,1,0,0,0,4,76,0
7,1,2,0,7,3,90,1
16,0,2,0,13,2,47,0
15,2,2,0,1,3,86,0
22,0,2,1,14,2,1,0
9,2,4,0,3,2,64,0
9,0,2,0,9,2,12,0
1,2,2,0,10,1,24,0
8,1,2,0,10,4,30,0
16,1,1,1,0,1,14,0
10,1,1,0,1,1,23,0
9,4,3,0,19,1,2,0
21,1,1,1,28,2,3,0
16,1,1,1,8,2,6,0
3,0,0,0,9,3,83,0
15,2,1,0,14,4,21,0
19,1,4,0,5,1,20,0
14,1,3,0,3,1,21,0
20,2,2,0,14,1,40,0
4,0,2,0,0,4,68,0
5,1,0,1,21,4,25,0
16,0,1,0,5,4,71,0
0,0,0,0,7,1,71,0
18,0,2,0,10,4,33,0
3,2,4,0,3,1,51,0
16,1,6,0,9,1,90,0
8,2,3,0,11,4,81,0
23,2,1,0,1,2,72,0
1,1,3,0,7,1,90,0
7,3,3,0,3,1,79,0
14,1,2,1,8,2,20,0
6,0,2,1,0,4,19,0
5,0,0,1,13,3,71,0
0,4,2,0,1,2,56,0
14,3,2,0,11,4,56,0
22,6,2,1,14,1,1,0
6,1,2,0,13,2,39,0
16,1,0,0,17,1,37,0
1,2,4,0,3,2,18,0
8,0,1,1,34,3,72,0
8,2,3,1,0,1,79,0
12,0,1,0,6,4,6,1
5,1,2,0,3,2,22,0
5,0,3,0,13,2,11,0
19,1,0,0,16,2,90,0
19,1,4,0,17,1,72,0
20,1,5,0,3,4,9,0
2,0,3,1,3,2,13,0
16,0,2,0,11,1,3,0
16,0,3,1,26,1,67,0
11,0,1,0,2,3,7,0
15,0,4,1,24,4,67,0
14,2,1,1,8,3,75,0
12,1,1,1,13,2,46,0
22,1,3,2,5,1,58,0
0,1,2,0,16,2,28,0
16,2,3,1,35,1,31,0
2,1,3,0,1,1,52,0
14,2,5,1,4,4,9,0
3,1,4,2,19,2,91,0
3,1,2,0,1,4,76,0
17,2,2,0,5,1,8,0
16,2,0,1,1,2,86,0
18,1,3,1,10,1,18,0
10,1,0,0,2,2,94,0
19,0,3,1,4,2,49,0
2,2,1,0,6,3,11,0
7,0,3,0,3,3,2,0
13,2,2,1,11,4,29,0
0,0,1,0,1,1,55,0
13,4,3,0,21,4,53,0
1,0,2,0,6,2,26,0
22,3,2,0,8,4,51,0
3,2,3,0,9,2,78,0
23,1,1,2,0,4,92,0
18,1,3,1,14,4,99,0
5,1,3,1,29,2,6,0
0,2,2,3,7,2,12,0
16,2,2,0,4,4,34,0
7,0,2,1,15,2,70,0
18,0,2,0,12,4,64,0
20,0,1,0,10,1,37,0
0,3,1,0,33,3,37,0
4,1,3,0,8,2,8,0
15,0,7,0,2,2,37,0
5,3,6,0,0,4,97,0
7,1,1,0,6,2,46,0
12,1,0,0,10,1,31,0
15,4,2,1,1,3,98,0
2,1,4,1,0,3,11,0
18,0,0,2,23,2,36,0
11,2,4,0,3,1,68,0
15,0,0,1,6,3,17,0
10,0,2,0,0,3,16,0
9,0,1,1,4,1,30,0
19,0,3,1,5,3,39,0
3,0,1,0,23,4,44,0
11,2,2,0,20,1,69,0
22,1,1,0,2,3,37,0
1,1,1,2,8,1,26,0
23,3,2,1,13,2,92,0
21,1,3,0,3,3,83,0
18,0,5,1,5,3,21,0
4,0,1,1,41,4,92,0
7,2,3,1,14,4,19,0
6,2,2,2,5,3,11,0
13,1,3,0,7,1,19,0
23,2,1,0,9,3,69,0
22,1,5,0,6,4,2,0
2,0,3,1,5,4,25,0
17,0,3,2,4,3,90,0
15,1,0,0,1,1,30,0
22,1,3,1,36,3,17,0
18,4,1,1,0,3,85,0
18,0,3,0,9,1,84,0
17,4,2,0,32,1,18,0
19,0,4,0,4,1,80,0
15,1,4,0,2,3,92,0
7,0,3,1,31,2,76,0
0,1,4,0,16,1,40,0
16,0,0,0,10,3,6,1
11,3,1,1,9,2,88,0
20,1,3,0,4,4,43,0
10,1,2,0,10,2,70,0
4,1,3,1,12,1,17,0
11,1,4,0,0,1,42,0
16,0,3,0,1,1,19,0
5,1,6,0,3,4,55,0
0,1,0,0,3,1,92,0
4,1,0,1,23,1,29,0
13,0,3,0,11,3,54,0
4,2,2,0,4,3,71,0
21,0,3,0,16,4,83,0
23,1,3,0,3,1,8,0
0,1,1,0,46,3,8,0
17,0,1,1,15,1,69,0
15,0,1,1,16,1,43,0
8,3,4,0,3,2,98,0
18,3,1,0,1,1,50,0
21,1,7,0,4,2,85,0
4,1,4,2,4,3,4,0
1,2,1,1,14,1,36,0
14,0,2,1,1,2,5,0
6,1,1,1,7,2,87,0
3,0,1,1,9,3,19,0
0,1,6,0,4,2,42,0
12,1,1,0,2,1,15,0
19,0,1,0,22,1,58,0
21,0,0,0,1,2,14,0
6,1,4,0,3,1,48,0
14,1,2,0,14,1,72,0
22,2,0,0,9,4,73,0
13,1,2,0,13,2,75,0
22,2,6,1,16,3,82,0
18,2,3,1,22,3,63,0
21,0,1,1,3,1,55,0
23,5,1,0,6,2,32,0
19,1,1,0,11,1,36,0
23,1,1,1,15,1,85,0
17,0,3,1,8,2,91,0
9,1,4,0,7,3,85,0
8,0,0,0,11,4,75,0
7,0,2,0,4,4,57,0
9,2,3,0,22,1,44,0
16,1,0,0,2,4,34,0
1,0,4,0,21,3,51,0
5,1,0,0,10,1,69,0
4,1,4,0,9,2,92,0
8,0,2,1,6,4,10,0
4,1,5,1,1,2,12,0
17,1,1,0,20,3,41,0
19,2,1,0,0,1,3,0
8,1,3,1,3,2,65,0
16,0,3,1,1,1,40,0
16,2,0,1,1,4,65,0
11,2,1,1,4,1,77,0
6,1,2,1,1,3,79,0
2,0,2,1,8,1,71,0
9,3,3,0,9,1,30,0
1,1,0,1,21,4,88,0
2,0,1,1,3,3,72,0
15,1,1,0,3,2,67,0
1,0,1,1,2,1,79,0
23,0,2,1,15,1,43,0
9,0,2,2,5,2,53,0
5,2,0,1,8,3,78,0
21,3,3,1,4,2,91,0
10,2,2,0,1,1,30,0
22,3,1,0,1,1,41,0
6,0,2,1,20,3,44,0
14,0,1,0,3,4,37,0
5,1,2,0,28,3,6,0
19,1,0,0,29,2,83,0
8,1,1,0,6,3,37,0
21,2,2,0,31,2,1,0
19,2,0,0,0,4,89,0
11,1,2,0,0,4,10,0
18,1,1,2,2,2,26,0
19,0,3,0,2,1,87,0
2,1,1,1,2,2,17,0
14,1,2,1,6,2,64,0
1,1,2,0,0,3,94,0
20,1,0,0,8,4,27,0
1,2,2,1,3,3,75,0
21,0,3,0,0,1,68,0
2,1,2,0,13,1,18,0
5,1,2,0,10,1,83,0
14,3,5,0,15,2,50,1
9,1,1,0,28,3,90,0
8,1,3,0,8,2,65,0
0,1,2,0,15,1,20,0
15,1,2,2,2,4,62,0
5,1,4,0,5,3,75,0
8,1,4,0,7,2,59,0
3,0,2,0,7,3,25,1
1,0,3,0,12,2,83,1
3,1,3,0,15,4,96,0
0,1,3,0,10,4,65,0
18,2,2,0,0,1,65,0
9,1,0,2,4,4,67,0
20,1,1,1,8,2,58,0
14,0,1,1,7,2,40,0
21,1,0,0,0,1,96,0
18,0,6,1,39,1,47,0
15,1,2,1,31,4,43,0
20,2,6,1,14,4,8,0
23,1,0,0,0,2,94,0
21,0,0,2,5,2,62,0
3,1,0,0,5,2,34,0
1,3,1,0,8,1,8,0
12,0,0,0,0,1,25,0
0,0,1,0,5,1,26,0
16,3,1,1,14,3,91,0
12,3,1,1,62,3,54,1
3,1,3,0,9,1,83,0
6,1,3,0,28,4,87,0
16,0,1,0,65,3,41,0
8,0,3,0,5,4,80,0
3,1,3,0,11,3,72,0
18,0,1,2,2,2,63,0
0,0,2,0,6,2,94,0
9,0,5,0,0,2,72,0
3,1,1,0,0,4,75,0
8,0,1,0,22,3,7,0
12,0,6,0,19,3,85,0
13,0,4,1,3,4,98,0
9,1,1,0,6,2,85,0
5,3,4,1,6,4,69,0
15,0,1,0,7,2,50,0
5,0,2,1,1,1,43,0
16,0,4,1,14,3,17,0
9,1,4,1,4,4,21,0
17,0,0,0,0,4,6,0
21,2,4,1,11,2,71,0
17,0,7,1,17,4,75,0
2,0,0,1,25,2,82,0
19,4,1,1,11,2,38,0
20,0,0,0,2,3,63,0
14,1,5,3,8,2,12,0
14,2,1,1,24,2,22,0
3,1,1,1,4,4,3,0
8,1,1,0,30,4,19,0
18,1,6,2,1,2,43,0
23,1,3,1,13,2,87,0
16,1,0,0,1,2,98,0
10,2,1,1,16,1,67,0
8,1,5,0,1,2,87,0
9,0,5,3,3,1,5,0
17,0,3,0,14,4,29,0
19,2,2,1,6,3,98,0
12,1,2,2,21,3,5,0
7,2,0,1,5,3,93,0
6,1,4,0,52,3,45,0
16,3,0,0,0,4,54,0
20,0,0,1,11,3,24,0
22,0,4,1,24,4,21,0
14,1,2,1,7,4,32,0
19,1,6,0,44,2,5,0
14,1,1,1,12,2,62,0
0,0,2,0,5,3,18,0
13,2,2,1,7,2,35,0
4,0,5,0,20,1,80,0
10,1,2,0,31,1,99,0
15,0,5,1,8,4,88,0
1,1,1,1,3,2,5,0
7,0,2,0,2,3,9,0
10,2,1,0,6,3,4,0
17,1,1,2,3,1,33,0
2,2,2,0,5,2,91,0
0,0,1,0,17,1,22,0
10,0,0,1,6,2,59,0
15,2,3,0,10,3,11,0
17,0,3,0,0,1,69,0
15,0,1,1,14,2,10,0
22,0,1,0,6,3,3,0
9,1,4,1,4,2,15,0
17,3,1,1,9,3,37,0
5,2,4,0,1,4,40,0
18,0,2,0,5,4,17,0
3,0,1,1,16,2,20,0
12,2,2,0,3,1,4,0
23,1,5,0,24,2,98,0
13,0,1,0,9,4,34,0
2,0,1,0,7,1,95,0
9,0,2,0,5,4,34,0
5,0,4,0,13,4,67,0
0,4,0,0,8,1,28,0
22,2,2,0,15,1,93,0
23,1,4,0,4,4,79,0
13,1,2,0,12,3,36,0
7,1,2,0,28,1,35,0
18,0,3,0,3,4,41,0
13,1,3,1,39,1,59,0
9,0,0,0,5,1,74,0
16,0,2,2,0,4,17,0
8,2,1,0,4,3,30,0
5,1,2,2,1,2,54,0
10,0,0,0,3,4,52,0
6,0,5,0,1,3,72,0
16,2,0,0,1,4,23,0
0,0,2,1,1,3,19,0
21,0,3,2,0,2,37,0
4,1,5,0,3,2,59,0
8,0,3,1,28,1,36,0
17,1,2,2,29,1,68,0
23,1,2,0,18,2,26,0
20,1,2,1,0,4,27,0
1,1,0,0,0,2,77,0
10,1,7,0,0,3,62,0
5,0,1,1,4,3,62,0
7,1,2,1,39,3,52,1
3,1,3,0,22,2,44,0
17,0,1,0,2,1,98,0
10,1,3,0,5,3,33,1
4,2,0,2,17,3,90,0
14,2,2,0,14,2,84,0
17,1,2,1,1,3,63,0
1,1,3,0,1,2,72,0
21,1,1,0,7,1,80,0
10,1,2,1,1,3,69,0
12,2,2,1,17,3,34,0
3,1,0,0,2,3,27,0
21,0,0,0,2,2,36,0
6,0,1,2,2,2,4,0
10,2,4,0,0,4,53,0
21,0,3,0,10,1,71,0
23,2,3,0,1,4,37,0
3,1,0,0,2,4,88,0
14,1,1,1,13,4,79,0
0,1,2,1,0,2,50,0
22,2,3,0,2,3,70,0
2,1,2,1,1,3,26,0
13,4,1,0,0,2,90,0
5,0,2,0,7,4,25,0
17,1,3,1,2,1,33,0
0,2,0,0,10,2,67,0
5,0,1,1,6,4,73,0
5,0,3,0,11,2,37,0
20,0,1,0,39,3,38,0
15,1,1,0,2,3,94,0
4,0,2,0,10,3,27,0
16,5,2,1,17,4,13,0
9,1,3,0,31,2,23,0
20,2,7,0,9,4,67,0
17,1,1,0,1,2,87,0
6,1,5,0,0,1,99,0
2,2,2,0,3,3,88,0
12,2,2,0,26,1,55,0
14,0,1,0,7,3,37,0
19,2,3,0,8,1,12,1
18,1,0,0,9,4,54,0
2,0,4,0,4,3,20,0
3,0,4,0,2,4,18,0
4,1,2,0,30,4,7,0
0,0,1,1,14,2,90,0
3,1,0,0,7,3,76,0
11,1,1,2,4,1,98,0
23,1,0,0,6,1,96,0
9,1,1,1,0,3,94,0
22,0,2,0,2,2,2,0
20,0,6,2,2,3,54,0
19,0,3,1,5,4,8,0
23,1,1,1,2,2,33,0
12,1,6,0,2,4,46,0
22,3,2,1,14,3,42,0
13,0,2,0,22,2,94,0
22,1,1,0,0,3,63,0
4,1,1,0,2,3,92,0
3,0,1,1,14,2,77,0
13,1,5,0,16,2,88,0
9,2,0,1,6,3,33,0
16,3,1,0,11,1,69,0
9,1,3,0,0,2,70,0
6,0,2,0,18,1,4,0
15,0,3,0,17,1,58,0
0,0,4,0,11,1,98,0
16,3,1,1,24,1,29,0
20,0,1,2,0,4,21,0
8,0,1,1,2,3,26,0
5,0,7,1,4,2,96,0
18,1,0,0,1,3,86,0
12,2,1,2,16,3,41,0
2,2,0,0,14,3,78,0
6,0,3,1,14,3,34,0
21,2,1,0,3,3,44,0
8,0,0,0,14,2,1,0
21,1,3,3,1,3,32,0
4,0,5,1,1,3,32,0
9,0,1,1,8,3,51,0
22,1,3,0,0,4,24,0
16,0,4,1,27,1,44,0
11,2,0,0,3,4,85,0
22,2,1,0,6,3,76,0
15,0,1,1,16,4,84,0
2,1,1,0,5,2,37,0
21,1,1,0,5,2,84,0
8,3,0,1,4,2,66,0
14,1,4,2,4,1,14,0
4,2,5,1,6,2,17,0
22,1,1,0,29,1,88,0
12,0,1,0,27,2,94,0
13,1,3,0,7,4,15,1
19,0,6,4,6,4,61,0
14,2,0,0,16,4,49,0
15,0,2,0,11,4,98,0
22,1,0,1,21,1,8,0
12,0,1,2,13,2,3,0
16,2,0,0,30,3,75,0
22,0,1,0,21,4,27,0
7,2,0,0,19,2,9,1
20,0,3,1,4,2,15,0
1,2,2,2,4,2,32,0
4,3,0,0,13,3,11,0
5,0,5,0,0,4,3,0
11,4,3,0,3,1,26,0
17,0,2,1,26,1,7,1
21,1,3,0,5,3,92,0
21,0,1,0,3,3,55,0
0,0,3,0,6,1,39,0
16,2,6,0,3,1,4,0
10,0,0,1,14,4,30,0
9,2,0,1,19,1,38,0
18,1,2,0,15,1,51,0
13,0,2,1,1,1,78,0
9,1,6,0,4,3,36,0
14,1,3,0,2,1,95,0
18,1,2,1,0,1,83,0
3,1,3,0,13,4,60,1
1,0,6,0,5,2,51,0
8,0,1,0,3,3,76,0
9,1,2,0,3,3,49,0
10,1,1,2,1,4,15,0
13,1,7,0,17,1,73,0
6,1,3,0,1,2,91,0
22,0,1,0,4,4,84,0
14,1,1,1,0,2,28,0
21,1,3,0,5,1,25,0
18,1,1,0,4,2,80,0
21,2,3,0,12,4,82,0
14,0,1,0,12,1,36,0
23,1,5,1,0,3,4,0
7,1,1,0,1,2,21,0
10,1,3,0,23,1,91,0
8,0,4,1,15,1,65,0
14,0,3,0,4,4,69,0
0,2,2,0,1,1,10,0
0,1,4,0,3,4,50,0
18,1,2,0,10,3,85,0
2,0,1,0,29,2,10,0
9,3,2,0,9,3,90,0
7,0,1,0,0,4,16,0
14,1,2,0,10,3,38,0
9,1,1,1,28,2,67,0
0,0,0,0,4,3,20,0
17,0,3,0,27,1,69,0
1,2,1,2,11,2,70,0
18,1,3,0,2,3,25,0
12,0,4,1,1,2,89,0
21,2,4,0,1,3,54,0
0,0,2,0,12,1,12,0
1,3,2,0,8,4,65,0
15,1,1,0,6,3,54,0
14,1,0,0,3,2,67,0
12,0,3,0,23,3,21,0
15,1,0,1,2,4,5,0
16,1,2,0,3,1,58,0
20,2,4,1,0,1,79,0
6,2,2,0,3,4,4,0
23,0,3,1,25,1,19,0
16,0,2,0,2,3,81,0
6,0,4,1,2,2,55,0
12,1,1,1,9,3,61,0
4,1,2,1,8,4,72,0
16,3,1,1,1,3,24,0
2,2,0,1,1,3,68,0
6,0,1,1,1,4,88,0
16,0,2,0,19,2,19,0
6,1,4,1,10,1,24,0
20,2,1,0,30,4,54,0
0,1,3,2,1,1,21,0
16,0,0,0,6,1,81,0
16,2,5,0,13,4,72,0
10,1,1,2,2,2,95,0
2,1,6,0,11,4,19,0
14,0,1,0,6,4,75,0
20,2,2,0,5,3,53,0
10,1,0,2,10,3,50,0
15,1,2,1,6,4,23,0
21,2,1,1,17,3,37,0
8,1,3,0,26,2,28,0
23,0,3,1,8,3,87,0
23,1,0,1,3,2,76,0
0,0,5,2,15,1,80,0
21,2,2,0,1,1,80,0
15,1,3,0,0,2,78,0
8,2,2,0,7,1,71,0
18,1,0,0,10,2,21,0
11,1,1,0,18,4,21,0
18,3,5,0,31,3,41,0
21,0,0,0,20,1,35,0
8,1,1,0,44,1,88,0
6,2,7,0,6,4,1,0
13,0,0,0,3,3,78,0
18,3,3,0,6,3,84,0
18,0,3,0,10,2,92,0
1,1,0,0,7,1,82,0
8,2,1,0,10,3,67,0
12,0,0,0,21,1,91,0
14,1,2,0,1,1,70,0
2,0,1,0,1,1,4,0
10,0,3,0,6,1,1,0
20,1,0,1,40,2,21,0
13,1,2,1,0,3,99,0
7,1,2,1,43,1,92,0
17,0,1,0,34,3,82,1
18,1,4,0,3,4,52,0
15,1,1,0,22,4,99,0
1,2,4,0,0,3,53,0
7,0,2,0,6,2,85,0
21,2,4,0,5,2,80,0
5,1,1,2,23,4,56,0
11,0,3,1,6,1,90,0
14,3,2,1,5,4,73,0
7,0,2,0,10,1,87,0
3,1,0,1,4,4,66,0
14,1,0,1,7,4,67,0
19,1,3,0,31,2,33,0
16,0,1,2,2,3,88,0
12,2,4,1,6,3,23,0
17,1,4,0,0,4,6,0
1,1,5,1,18,2,85,0
12,0,1,0,0,1,47,0
12,1,2,0,0,4,58,0
21,2,3,0,21,1,5,0
14,0,1,0,5,1,77,0
19,1,0,1,11,2,77,0
9,1,7,0,19,2,83,0
2,0,3,0,4,3,9,0
18,0,4,0,3,2,3,0
2,1,2,0,1,4,61,0
21,3,3,0,9,4,95,0
13,1,0,0,2,1,64,0
7,1,2,0,10,3,46,0
22,0,4,0,3,1,56,0
3,1,3,1,4,1,39,0
19,0,2,0,2,3,13,0
10,0,2,0,5,1,41,0
10,0,1,4,1,3,11,0
10,1,0,1,3,1,41,0
1,2,2,0,15,1,75,0
16,2,3,0,2,3,47,0
8,1,1,0,29,4,49,0
1,2,1,1,6,1,65,0
23,1,2,0,1,1,35,0
14,0,1,1,28,4,35,0
15,1,0,2,6,3,67,0
3,3,1,0,8,3,4,0
7,2,3,0,2,4,24,0
8,3,2,1,4,3,94,0
4,2,0,0,12,2,96,0
15,1,1,0,1,1,84,0
12,2,7,0,8,3,36,0
6,1,0,0,11,4,77,0
19,0,0,1,0,1,56,0
16,1,0,1,18,4,4,0
2,1,0,0,0,3,92,0
4,0,5,0,2,4,40,0
18,2,3,0,33,4,43,1
11,0,3,0,0,1,58,0
6,0,2,1,17,1,62,0
8,1,3,0,10,3,7,0
5,1,2,0,9,4,9,0
16,1,0,0,8,4,22,0
15,2,0,0,1,3,4,0
22,0,1,0,11,4,36,0
2,1,3,0,30,4,97,0
20,2,3,0,0,4,70,0
3,2,1,0,4,4,67,0
9,0,3,1,6,2,35,0
4,4,2,0,2,3,33,0
20,0,3,0,13,3,7,0
21,1,2,1,11,4,99,0
9,3,2,0,1,3,55,0
11,0,2,3,8,2,47,0
9,0,2,2,4,4,62,0
12,0,2,1,2,1,67,0
10,1,1,1,18,2,64,0
21,2,1,0,0,1,43,0
15,0,0,1,6,3,18,0
7,1,2,0,6,3,3,0
7,2,2,0,8,3,59,0
7,1,1,0,2,4,62,0
12,1,1,1,20,2,39,0
1,3,0,1,33,2,91,0
11,2,2,0,7,4,64,1
9,3,1,0,2,4,73,0
11,1,3,2,20,3,81,0
10,2,1,1,44,2,60,0
14,1,5,0,13,3,42,0
15,0,3,1,4,2,5,0
16,1,1,1,2,4,46,0
